<?xml version="1.0" encoding="utf-8"?>
<merger version="3"><dataSet config="output$Generated" generated="true"><source path="C:\Users\sivan\.android\build-cache\caf678f4fde46ef050f1f64f4c3ea57c8457d33b\output\res"/></dataSet><dataSet config="output$Generated" generated="true"><source path="C:\Users\sivan\.android\build-cache\9799c6ba97aa84b169b23724c24924e52a2c5743\output\res"/></dataSet><dataSet config="output$Generated" generated="true"><source path="C:\Users\sivan\.android\build-cache\f4468db7c91473092747929d3c155fca2049a382\output\res"/></dataSet><dataSet config="output$Generated" generated="true"><source path="C:\Users\sivan\.android\build-cache\f53a54f15ffbf023cf2b4d430279f3f7e8953156\output\res"/></dataSet><dataSet config="output$Generated" generated="true"><source path="C:\Users\sivan\.android\build-cache\211d8e7e8924c883e83b600fc6fc9857ff372267\output\res"/></dataSet><dataSet config="main$Generated" generated="true"><source path="C:\Users\sivan\AndroidStudioProjects\TripLogger\app\src\androidTest\res"/><source path="C:\Users\sivan\AndroidStudioProjects\TripLogger\app\build\generated\res\rs\androidTest\debug"/><source path="C:\Users\sivan\AndroidStudioProjects\TripLogger\app\build\generated\res\resValues\androidTest\debug"/></dataSet><dataSet config="output" from-dependency="true" generated-set="output$Generated"><source path="C:\Users\sivan\.android\build-cache\caf678f4fde46ef050f1f64f4c3ea57c8457d33b\output\res"/></dataSet><dataSet config="output" from-dependency="true" generated-set="output$Generated"><source path="C:\Users\sivan\.android\build-cache\9799c6ba97aa84b169b23724c24924e52a2c5743\output\res"/></dataSet><dataSet config="output" from-dependency="true" generated-set="output$Generated"><source path="C:\Users\sivan\.android\build-cache\f4468db7c91473092747929d3c155fca2049a382\output\res"/></dataSet><dataSet config="output" from-dependency="true" generated-set="output$Generated"><source path="C:\Users\sivan\.android\build-cache\f53a54f15ffbf023cf2b4d430279f3f7e8953156\output\res"><file path="C:\Users\sivan\.android\build-cache\f53a54f15ffbf023cf2b4d430279f3f7e8953156\output\res\values\values.xml" qualifiers=""><string name="app_name">Test-api</string></file></source></dataSet><dataSet config="output" from-dependency="true" generated-set="output$Generated"><source path="C:\Users\sivan\.android\build-cache\211d8e7e8924c883e83b600fc6fc9857ff372267\output\res"/></dataSet><dataSet config="main" generated-set="main$Generated"><source path="C:\Users\sivan\AndroidStudioProjects\TripLogger\app\src\androidTest\res"/><source path="C:\Users\sivan\AndroidStudioProjects\TripLogger\app\build\generated\res\rs\androidTest\debug"/><source path="C:\Users\sivan\AndroidStudioProjects\TripLogger\app\build\generated\res\resValues\androidTest\debug"/></dataSet><mergedItems/></merger>