<?xml version="1.0" encoding="utf-8"?>
<manifest xmlns:android="http://schemas.android.com/apk/res/android"
    package="com.example.sivan.triplogger"
    android:versionCode="1"
    android:versionName="1.0" >

    <uses-sdk
        android:minSdkVersion="15"
        android:targetSdkVersion="25" />

    <meta-data
        android:name="android.support.VERSION"
        android:value="25.3.1" /> <!-- Include required permissions for Google Maps API to run. -->
    <uses-permission android:name="android.permission.ACCESS_NETWORK_STATE" />
    <uses-permission android:name="android.permission.INTERNET" />

    <uses-feature
        android:glEsVersion="0x00020000"
        android:required="true" />

    <application
        android:allowBackup="true"
        android:icon="@mipmap/ic_launcher"
        android:label="@string/app_name"
        android:roundIcon="@mipmap/ic_launcher_round"
        android:supportsRtl="true"
        android:theme="@style/AppTheme" >
        <activity android:name="com.example.sivan.triplogger.MainActivity" >
            <intent-filter>
                <action android:name="android.intent.action.MAIN" />

                <category android:name="android.intent.category.LAUNCHER" />
            </intent-filter>
        </activity>
        <activity android:name="com.example.sivan.triplogger.LogActivity" />
        <activity android:name="com.example.sivan.triplogger.SettingsActivity" />
        <activity android:name="com.example.sivan.triplogger.DetailActivity" />
        <activity
            android:name="com.google.android.gms.common.api.GoogleApiActivity"
            android:exported="false"
            android:theme="@android:style/Theme.Translucent.NoTitleBar" />

        <meta-data
            android:name="com.google.android.gms.version"
            android:value="@integer/google_play_services_version" />

        <provider
            android:name="com.android.tools.fd.runtime.InstantRunContentProvider"
            android:authorities="com.example.sivan.triplogger.com.android.tools.fd.runtime.InstantRunContentProvider"
            android:multiprocess="true" />
    </application>

</manifest>