[
    {
        "outputFile": "C:\\Users\\sivan\\AndroidStudioProjects\\TripLogger\\app\\build\\intermediates\\incremental\\mergeDebugAndroidTestResources\\merged.dir\\values\\values.xml",
        "map": [
            {
                "to": {
                    "startLine": 2,
                    "startColumn": 4,
                    "startOffset": 55,
                    "endColumn": 45,
                    "endOffset": 96
                },
                "from": {
                    "file": "C:\\Users\\sivan\\.android\\build-cache\\f53a54f15ffbf023cf2b4d430279f3f7e8953156\\output\\res\\values\\values.xml",
                    "position": {
                        "startLine": 4,
                        "startColumn": 4,
                        "startOffset": 229,
                        "endColumn": 45,
                        "endOffset": 270
                    }
                }
            }
        ]
    }
]