{
    "logs": [
        {
            "outputFile": "/Users/KAPIL/Desktop/TripLogger/app/build/intermediates/incremental/mergeDebugResources/merged.dir/values-sv/values-sv.xml",
            "map": [
                {
                    "source": "/Users/KAPIL/.gradle/caches/transforms-1/files-1.1/appcompat-v7-25.3.1.aar/3b099b4242a6e0bcbd38f380ab71a750/res/values-sv/values-sv.xml",
                    "from": {
                        "startLines": "2,3,4,5,6,7,8,9,10,11,12,13,14,15,16,17,18,19,20,21,22",
                        "startColumns": "4,4,4,4,4,4,4,4,4,4,4,4,4,4,4,4,4,4,4,4,4",
                        "startOffsets": "55,161,269,392,495,606,691,793,906,982,1058,1138,1244,1344,1440,1545,1647,1749,1866,1968,2047",
                        "endColumns": "105,107,122,102,110,84,101,112,75,75,79,105,99,95,104,101,101,116,101,78,100",
                        "endOffsets": "156,264,387,490,601,686,788,901,977,1053,1133,1239,1339,1435,1540,1642,1744,1861,1963,2042,2143"
                    },
                    "to": {
                        "startLines": "2,3,4,5,6,7,8,9,10,11,12,13,14,15,16,17,18,19,20,38,39",
                        "startColumns": "4,4,4,4,4,4,4,4,4,4,4,4,4,4,4,4,4,4,4,4,4",
                        "startOffsets": "105,211,319,442,545,656,741,843,956,1032,1108,1188,1294,1394,1490,1595,1697,1799,1916,4560,4639",
                        "endColumns": "105,107,122,102,110,84,101,112,75,75,79,105,99,95,104,101,101,116,101,78,100",
                        "endOffsets": "206,314,437,540,651,736,838,951,1027,1103,1183,1289,1389,1485,1590,1692,1794,1911,2013,4634,4735"
                    }
                },
                {
                    "source": "/Users/KAPIL/.gradle/caches/transforms-1/files-1.1/play-services-base-11.0.4.aar/5692b0b46a2e47e0c41ced148f3d8622/res/values-sv/values.xml",
                    "from": {
                        "startLines": "4,5,6,7,8,9,10,11,12,13,14,15,16,17,18,19",
                        "startColumns": "0,0,0,0,0,0,0,0,0,0,0,0,0,0,0,0",
                        "startOffsets": "283,388,577,702,810,1010,1133,1262,1469,1575,1768,1894,2107,2289,2381,2470",
                        "endColumns": "104,188,124,107,199,122,128,206,105,192,125,212,181,91,88,103",
                        "endOffsets": "387,576,701,809,1009,1132,1261,1468,1574,1767,1893,2106,2288,2380,2469,2573"
                    },
                    "to": {
                        "startLines": "21,22,23,24,25,26,27,29,30,31,32,33,34,35,36,37",
                        "startColumns": "4,4,4,4,4,4,4,4,4,4,4,4,4,4,4,4",
                        "startOffsets": "2018,2127,2316,2445,2557,2757,2884,3224,3431,3541,3734,3864,4077,4263,4359,4452",
                        "endColumns": "108,188,128,111,199,126,132,206,109,192,129,212,185,95,92,107",
                        "endOffsets": "2122,2311,2440,2552,2752,2879,3012,3426,3536,3729,3859,4072,4258,4354,4447,4555"
                    }
                },
                {
                    "source": "/Users/KAPIL/.gradle/caches/transforms-1/files-1.1/play-services-basement-11.0.4.aar/8d20eaf0785dc42b2ca660ab87eb1c23/res/values-sv/values.xml",
                    "from": {
                        "startLines": "4",
                        "startColumns": "0",
                        "startOffsets": "285",
                        "endColumns": "206",
                        "endOffsets": "491"
                    },
                    "to": {
                        "startLines": "28",
                        "startColumns": "4",
                        "startOffsets": "3017",
                        "endColumns": "206",
                        "endOffsets": "3219"
                    }
                }
            ]
        }
    ]
}