{
    "logs": [
        {
            "outputFile": "/Users/KAPIL/Desktop/TripLogger/app/build/intermediates/incremental/mergeDebugResources/merged.dir/values-eu/values-eu.xml",
            "map": [
                {
                    "source": "/Users/KAPIL/.gradle/caches/transforms-1/files-1.1/play-services-base-11.0.4.aar/5692b0b46a2e47e0c41ced148f3d8622/res/values-eu/values.xml",
                    "from": {
                        "startLines": "4,5,6,7,8,9,10,11,12,13,14,15,16,17,18,19",
                        "startColumns": "0,0,0,0,0,0,0,0,0,0,0,0,0,0,0,0",
                        "startOffsets": "283,385,593,717,824,1030,1155,1287,1530,1636,1834,1962,2189,2374,2466,2557",
                        "endColumns": "101,207,123,106,205,124,131,242,105,197,127,226,184,91,90,103",
                        "endOffsets": "384,592,716,823,1029,1154,1286,1529,1635,1833,1961,2188,2373,2465,2556,2660"
                    },
                    "to": {
                        "startLines": "2,3,4,5,6,7,8,10,11,12,13,14,15,16,17,18",
                        "startColumns": "4,4,4,4,4,4,4,4,4,4,4,4,4,4,4,4",
                        "startOffsets": "105,211,419,547,658,864,993,1330,1573,1683,1881,2013,2240,2429,2525,2620",
                        "endColumns": "105,207,127,110,205,128,135,242,109,197,131,226,188,95,94,107",
                        "endOffsets": "206,414,542,653,859,988,1124,1568,1678,1876,2008,2235,2424,2520,2615,2723"
                    }
                },
                {
                    "source": "/Users/KAPIL/.gradle/caches/transforms-1/files-1.1/play-services-basement-11.0.4.aar/8d20eaf0785dc42b2ca660ab87eb1c23/res/values-eu/values.xml",
                    "from": {
                        "startLines": "4",
                        "startColumns": "0",
                        "startOffsets": "285",
                        "endColumns": "200",
                        "endOffsets": "485"
                    },
                    "to": {
                        "startLines": "9",
                        "startColumns": "4",
                        "startOffsets": "1129",
                        "endColumns": "200",
                        "endOffsets": "1325"
                    }
                }
            ]
        }
    ]
}