{
    "logs": [
        {
            "outputFile": "/Users/KAPIL/Desktop/TripLogger/app/build/intermediates/incremental/mergeDebugResources/merged.dir/values-af/values-af.xml",
            "map": [
                {
                    "source": "/Users/KAPIL/.gradle/caches/transforms-1/files-1.1/appcompat-v7-25.3.1.aar/3b099b4242a6e0bcbd38f380ab71a750/res/values-af/values-af.xml",
                    "from": {
                        "startLines": "2,3,4,5,6,7,8,9,10,11,12,13,14,15,16,17,18,19,20,21,22",
                        "startColumns": "4,4,4,4,4,4,4,4,4,4,4,4,4,4,4,4,4,4,4,4,4",
                        "startOffsets": "55,159,267,390,490,596,681,784,902,978,1055,1136,1243,1346,1443,1551,1653,1755,1872,1970,2050",
                        "endColumns": "103,107,122,99,105,84,102,117,75,76,80,106,102,96,107,101,101,116,97,79,100",
                        "endOffsets": "154,262,385,485,591,676,779,897,973,1050,1131,1238,1341,1438,1546,1648,1750,1867,1965,2045,2146"
                    },
                    "to": {
                        "startLines": "2,3,4,5,6,7,8,9,10,11,12,13,14,15,16,17,18,19,20,38,39",
                        "startColumns": "4,4,4,4,4,4,4,4,4,4,4,4,4,4,4,4,4,4,4,4,4",
                        "startOffsets": "105,209,317,440,540,646,731,834,952,1028,1105,1186,1293,1396,1493,1601,1703,1805,1922,4554,4634",
                        "endColumns": "103,107,122,99,105,84,102,117,75,76,80,106,102,96,107,101,101,116,97,79,100",
                        "endOffsets": "204,312,435,535,641,726,829,947,1023,1100,1181,1288,1391,1488,1596,1698,1800,1917,2015,4629,4730"
                    }
                },
                {
                    "source": "/Users/KAPIL/.gradle/caches/transforms-1/files-1.1/play-services-base-11.0.4.aar/5692b0b46a2e47e0c41ced148f3d8622/res/values-af/values.xml",
                    "from": {
                        "startLines": "4,5,6,7,8,9,10,11,12,13,14,15,16,17,18,19",
                        "startColumns": "0,0,0,0,0,0,0,0,0,0,0,0,0,0,0,0",
                        "startOffsets": "283,388,576,700,808,1017,1137,1264,1489,1595,1783,1908,2106,2286,2378,2467",
                        "endColumns": "104,187,123,107,208,119,126,224,105,187,124,197,179,91,88,103",
                        "endOffsets": "387,575,699,807,1016,1136,1263,1488,1594,1782,1907,2105,2285,2377,2466,2570"
                    },
                    "to": {
                        "startLines": "21,22,23,24,25,26,27,29,30,31,32,33,34,35,36,37",
                        "startColumns": "4,4,4,4,4,4,4,4,4,4,4,4,4,4,4,4",
                        "startOffsets": "2020,2129,2317,2445,2557,2766,2890,3223,3448,3558,3746,3875,4073,4257,4353,4446",
                        "endColumns": "108,187,127,111,208,123,130,224,109,187,128,197,183,95,92,107",
                        "endOffsets": "2124,2312,2440,2552,2761,2885,3016,3443,3553,3741,3870,4068,4252,4348,4441,4549"
                    }
                },
                {
                    "source": "/Users/KAPIL/.gradle/caches/transforms-1/files-1.1/play-services-basement-11.0.4.aar/8d20eaf0785dc42b2ca660ab87eb1c23/res/values-af/values.xml",
                    "from": {
                        "startLines": "4",
                        "startColumns": "0",
                        "startOffsets": "285",
                        "endColumns": "201",
                        "endOffsets": "486"
                    },
                    "to": {
                        "startLines": "28",
                        "startColumns": "4",
                        "startOffsets": "3021",
                        "endColumns": "201",
                        "endOffsets": "3218"
                    }
                }
            ]
        }
    ]
}