{
    "logs": [
        {
            "outputFile": "/Users/KAPIL/Desktop/TripLogger/app/build/intermediates/incremental/mergeDebugResources/merged.dir/values-sq-rAL/values-sq-rAL.xml",
            "map": [
                {
                    "source": "/Users/KAPIL/.gradle/caches/transforms-1/files-1.1/appcompat-v7-25.3.1.aar/3b099b4242a6e0bcbd38f380ab71a750/res/values-sq-rAL/values-sq-rAL.xml",
                    "from": {
                        "startLines": "2,3,4,5,6,7,8,9,10,11,12,13,14,15,16,17,18,19,20,21,22",
                        "startColumns": "4,4,4,4,4,4,4,4,4,4,4,4,4,4,4,4,4,4,4,4,4",
                        "startOffsets": "55,169,277,400,500,612,699,809,932,1013,1092,1175,1281,1386,1484,1590,1693,1809,1940,2039,2120",
                        "endColumns": "113,107,122,99,111,86,109,122,80,78,82,105,104,97,105,102,115,130,98,80,100",
                        "endOffsets": "164,272,395,495,607,694,804,927,1008,1087,1170,1276,1381,1479,1585,1688,1804,1935,2034,2115,2216"
                    }
                }
            ]
        }
    ]
}