{
    "logs": [
        {
            "outputFile": "/Users/KAPIL/Desktop/TripLogger/app/build/intermediates/incremental/mergeDebugResources/merged.dir/values-sr/values-sr.xml",
            "map": [
                {
                    "source": "/Users/KAPIL/.gradle/caches/transforms-1/files-1.1/appcompat-v7-25.3.1.aar/3b099b4242a6e0bcbd38f380ab71a750/res/values-sr/values-sr.xml",
                    "from": {
                        "startLines": "2,3,4,5,6,7,8,9,10,11,12,13,14,15,16,17,18,19,20,21,22",
                        "startColumns": "4,4,4,4,4,4,4,4,4,4,4,4,4,4,4,4,4,4,4,4,4",
                        "startOffsets": "55,164,272,395,498,604,690,794,912,993,1073,1161,1266,1374,1475,1579,1687,1788,1916,2013,2097",
                        "endColumns": "108,107,122,102,105,85,103,117,80,79,87,104,107,100,103,107,100,127,96,83,100",
                        "endOffsets": "159,267,390,493,599,685,789,907,988,1068,1156,1261,1369,1470,1574,1682,1783,1911,2008,2092,2193"
                    },
                    "to": {
                        "startLines": "2,3,4,5,6,7,8,9,10,11,12,13,14,15,16,17,18,19,20,38,39",
                        "startColumns": "4,4,4,4,4,4,4,4,4,4,4,4,4,4,4,4,4,4,4,4,4",
                        "startOffsets": "105,214,322,445,548,654,740,844,962,1043,1123,1211,1316,1424,1525,1629,1737,1838,1966,4580,4664",
                        "endColumns": "108,107,122,102,105,85,103,117,80,79,87,104,107,100,103,107,100,127,96,83,100",
                        "endOffsets": "209,317,440,543,649,735,839,957,1038,1118,1206,1311,1419,1520,1624,1732,1833,1961,2058,4659,4760"
                    }
                },
                {
                    "source": "/Users/KAPIL/.gradle/caches/transforms-1/files-1.1/play-services-basement-11.0.4.aar/8d20eaf0785dc42b2ca660ab87eb1c23/res/values-sr/values.xml",
                    "from": {
                        "startLines": "4",
                        "startColumns": "0",
                        "startOffsets": "285",
                        "endColumns": "188",
                        "endOffsets": "473"
                    },
                    "to": {
                        "startLines": "28",
                        "startColumns": "4",
                        "startOffsets": "3072",
                        "endColumns": "188",
                        "endOffsets": "3256"
                    }
                },
                {
                    "source": "/Users/KAPIL/.gradle/caches/transforms-1/files-1.1/play-services-base-11.0.4.aar/5692b0b46a2e47e0c41ced148f3d8622/res/values-sr/values.xml",
                    "from": {
                        "startLines": "4,5,6,7,8,9,10,11,12,13,14,15,16,17,18,19",
                        "startColumns": "0,0,0,0,0,0,0,0,0,0,0,0,0,0,0,0",
                        "startOffsets": "283,387,575,699,807,1020,1145,1272,1480,1585,1776,1901,2109,2277,2371,2462",
                        "endColumns": "103,187,123,107,212,124,126,207,104,190,124,207,167,93,90,104",
                        "endOffsets": "386,574,698,806,1019,1144,1271,1479,1584,1775,1900,2108,2276,2370,2461,2566"
                    },
                    "to": {
                        "startLines": "21,22,23,24,25,26,27,29,30,31,32,33,34,35,36,37",
                        "startColumns": "4,4,4,4,4,4,4,4,4,4,4,4,4,4,4,4",
                        "startOffsets": "2063,2171,2359,2487,2599,2812,2941,3261,3469,3578,3769,3898,4106,4278,4376,4471",
                        "endColumns": "107,187,127,111,212,128,130,207,108,190,128,207,171,97,94,108",
                        "endOffsets": "2166,2354,2482,2594,2807,2936,3067,3464,3573,3764,3893,4101,4273,4371,4466,4575"
                    }
                }
            ]
        }
    ]
}