{
    "logs": [
        {
            "outputFile": "/Users/KAPIL/Desktop/TripLogger/app/build/intermediates/incremental/mergeDebugResources/merged.dir/values-en-rGB/values-en-rGB.xml",
            "map": [
                {
                    "source": "/Users/KAPIL/.gradle/caches/transforms-1/files-1.1/play-services-base-11.0.4.aar/5692b0b46a2e47e0c41ced148f3d8622/res/values-en-rGB/values.xml",
                    "from": {
                        "startLines": "4,5,6,7,8,9,10,11,12,13,14,15,16,17,18,19",
                        "startColumns": "0,0,0,0,0,0,0,0,0,0,0,0,0,0,0,0",
                        "startOffsets": "287,390,574,697,802,1012,1133,1261,1479,1582,1765,1888,2093,2267,2356,2444",
                        "endColumns": "102,183,122,104,209,120,127,217,102,182,122,204,173,88,87,103",
                        "endOffsets": "389,573,696,801,1011,1132,1260,1478,1581,1764,1887,2092,2266,2355,2443,2547"
                    },
                    "to": {
                        "startLines": "21,22,23,24,25,26,27,29,30,31,32,33,34,35,36,37",
                        "startColumns": "4,4,4,4,4,4,4,4,4,4,4,4,4,4,4,4",
                        "startOffsets": "2019,2126,2310,2437,2546,2756,2881,3210,3428,3535,3718,3845,4050,4228,4321,4413",
                        "endColumns": "106,183,126,108,209,124,131,217,106,182,126,204,177,92,91,107",
                        "endOffsets": "2121,2305,2432,2541,2751,2876,3008,3423,3530,3713,3840,4045,4223,4316,4408,4516"
                    }
                },
                {
                    "source": "/Users/KAPIL/.gradle/caches/transforms-1/files-1.1/appcompat-v7-25.3.1.aar/3b099b4242a6e0bcbd38f380ab71a750/res/values-en-rGB/values-en-rGB.xml",
                    "from": {
                        "startLines": "2,3,4,5,6,7,8,9,10,11,12,13,14,15,16,17,18,19,20,21,22",
                        "startColumns": "4,4,4,4,4,4,4,4,4,4,4,4,4,4,4,4,4,4,4,4,4",
                        "startOffsets": "55,159,267,390,490,598,682,782,897,974,1050,1132,1235,1339,1438,1543,1646,1750,1869,1969,2051",
                        "endColumns": "103,107,122,99,107,83,99,114,76,75,81,102,103,98,104,102,103,118,99,81,100",
                        "endOffsets": "154,262,385,485,593,677,777,892,969,1045,1127,1230,1334,1433,1538,1641,1745,1864,1964,2046,2147"
                    },
                    "to": {
                        "startLines": "2,3,4,5,6,7,8,9,10,11,12,13,14,15,16,17,18,19,20,38,39",
                        "startColumns": "4,4,4,4,4,4,4,4,4,4,4,4,4,4,4,4,4,4,4,4,4",
                        "startOffsets": "105,209,317,440,540,648,732,832,947,1024,1100,1182,1285,1389,1488,1593,1696,1800,1919,4521,4603",
                        "endColumns": "103,107,122,99,107,83,99,114,76,75,81,102,103,98,104,102,103,118,99,81,100",
                        "endOffsets": "204,312,435,535,643,727,827,942,1019,1095,1177,1280,1384,1483,1588,1691,1795,1914,2014,4598,4699"
                    }
                },
                {
                    "source": "/Users/KAPIL/.gradle/caches/transforms-1/files-1.1/play-services-basement-11.0.4.aar/8d20eaf0785dc42b2ca660ab87eb1c23/res/values-en-rGB/values.xml",
                    "from": {
                        "startLines": "4",
                        "startColumns": "0",
                        "startOffsets": "289",
                        "endColumns": "196",
                        "endOffsets": "485"
                    },
                    "to": {
                        "startLines": "28",
                        "startColumns": "4",
                        "startOffsets": "3013",
                        "endColumns": "196",
                        "endOffsets": "3205"
                    }
                }
            ]
        }
    ]
}