{
    "logs": [
        {
            "outputFile": "/Users/KAPIL/Desktop/TripLogger/app/build/intermediates/incremental/mergeDebugResources/merged.dir/values-it/values-it.xml",
            "map": [
                {
                    "source": "/Users/KAPIL/.gradle/caches/transforms-1/files-1.1/appcompat-v7-25.3.1.aar/3b099b4242a6e0bcbd38f380ab71a750/res/values-it/values-it.xml",
                    "from": {
                        "startLines": "2,3,4,5,6,7,8,9,10,11,12,13,14,15,16,17,18,19,20,21,22",
                        "startColumns": "4,4,4,4,4,4,4,4,4,4,4,4,4,4,4,4,4,4,4,4,4",
                        "startOffsets": "55,164,272,395,495,604,688,797,922,999,1075,1156,1262,1370,1468,1572,1677,1784,1906,2006,2089",
                        "endColumns": "108,107,122,99,108,83,108,124,76,75,80,105,107,97,103,104,106,121,99,82,100",
                        "endOffsets": "159,267,390,490,599,683,792,917,994,1070,1151,1257,1365,1463,1567,1672,1779,1901,2001,2084,2185"
                    },
                    "to": {
                        "startLines": "2,3,4,5,6,7,8,9,10,11,12,13,14,15,16,17,18,19,20,38,39",
                        "startColumns": "4,4,4,4,4,4,4,4,4,4,4,4,4,4,4,4,4,4,4,4,4",
                        "startOffsets": "105,214,322,445,545,654,738,847,972,1049,1125,1206,1312,1420,1518,1622,1727,1834,1956,4617,4700",
                        "endColumns": "108,107,122,99,108,83,108,124,76,75,80,105,107,97,103,104,106,121,99,82,100",
                        "endOffsets": "209,317,440,540,649,733,842,967,1044,1120,1201,1307,1415,1513,1617,1722,1829,1951,2051,4695,4796"
                    }
                },
                {
                    "source": "/Users/KAPIL/.gradle/caches/transforms-1/files-1.1/play-services-base-11.0.4.aar/5692b0b46a2e47e0c41ced148f3d8622/res/values-it/values.xml",
                    "from": {
                        "startLines": "4,5,6,7,8,9,10,11,12,13,14,15,16,17,18,19",
                        "startColumns": "0,0,0,0,0,0,0,0,0,0,0,0,0,0,0,0",
                        "startOffsets": "283,386,569,692,798,1015,1141,1270,1486,1591,1776,1901,2116,2323,2416,2503",
                        "endColumns": "102,182,122,105,216,125,128,215,104,184,124,214,206,92,86,101",
                        "endOffsets": "385,568,691,797,1014,1140,1269,1485,1590,1775,1900,2115,2322,2415,2502,2604"
                    },
                    "to": {
                        "startLines": "21,22,23,24,25,26,27,29,30,31,32,33,34,35,36,37",
                        "startColumns": "4,4,4,4,4,4,4,4,4,4,4,4,4,4,4,4",
                        "startOffsets": "2056,2163,2346,2473,2583,2800,2930,3258,3474,3583,3768,3897,4112,4323,4420,4511",
                        "endColumns": "106,182,126,109,216,129,132,215,108,184,128,214,210,96,90,105",
                        "endOffsets": "2158,2341,2468,2578,2795,2925,3058,3469,3578,3763,3892,4107,4318,4415,4506,4612"
                    }
                },
                {
                    "source": "/Users/KAPIL/.gradle/caches/transforms-1/files-1.1/play-services-basement-11.0.4.aar/8d20eaf0785dc42b2ca660ab87eb1c23/res/values-it/values.xml",
                    "from": {
                        "startLines": "4",
                        "startColumns": "0",
                        "startOffsets": "285",
                        "endColumns": "194",
                        "endOffsets": "479"
                    },
                    "to": {
                        "startLines": "28",
                        "startColumns": "4",
                        "startOffsets": "3063",
                        "endColumns": "194",
                        "endOffsets": "3253"
                    }
                }
            ]
        }
    ]
}