{
    "logs": [
        {
            "outputFile": "/Users/KAPIL/Desktop/TripLogger/app/build/intermediates/incremental/mergeDebugResources/merged.dir/values-hr/values-hr.xml",
            "map": [
                {
                    "source": "/Users/KAPIL/.gradle/caches/transforms-1/files-1.1/play-services-basement-11.0.4.aar/8d20eaf0785dc42b2ca660ab87eb1c23/res/values-hr/values.xml",
                    "from": {
                        "startLines": "4",
                        "startColumns": "0",
                        "startOffsets": "285",
                        "endColumns": "190",
                        "endOffsets": "475"
                    },
                    "to": {
                        "startLines": "28",
                        "startColumns": "4",
                        "startOffsets": "3103",
                        "endColumns": "190",
                        "endOffsets": "3289"
                    }
                },
                {
                    "source": "/Users/KAPIL/.gradle/caches/transforms-1/files-1.1/play-services-base-11.0.4.aar/5692b0b46a2e47e0c41ced148f3d8622/res/values-hr/values.xml",
                    "from": {
                        "startLines": "4,5,6,7,8,9,10,11,12,13,14,15,16,17,18,19",
                        "startColumns": "0,0,0,0,0,0,0,0,0,0,0,0,0,0,0,0",
                        "startOffsets": "283,387,576,704,812,1028,1156,1288,1497,1602,1790,1916,2122,2291,2385,2473",
                        "endColumns": "103,188,127,107,215,127,131,208,104,187,125,205,168,93,87,105",
                        "endOffsets": "386,575,703,811,1027,1155,1287,1496,1601,1789,1915,2121,2290,2384,2472,2578"
                    },
                    "to": {
                        "startLines": "21,22,23,24,25,26,27,29,30,31,32,33,34,35,36,37",
                        "startColumns": "4,4,4,4,4,4,4,4,4,4,4,4,4,4,4,4",
                        "startOffsets": "2078,2186,2375,2507,2619,2835,2967,3294,3503,3612,3800,3930,4136,4309,4407,4499",
                        "endColumns": "107,188,131,111,215,131,135,208,108,187,129,205,172,97,91,109",
                        "endOffsets": "2181,2370,2502,2614,2830,2962,3098,3498,3607,3795,3925,4131,4304,4402,4494,4604"
                    }
                },
                {
                    "source": "/Users/KAPIL/.gradle/caches/transforms-1/files-1.1/appcompat-v7-25.3.1.aar/3b099b4242a6e0bcbd38f380ab71a750/res/values-hr/values-hr.xml",
                    "from": {
                        "startLines": "2,3,4,5,6,7,8,9,10,11,12,13,14,15,16,17,18,19,20,21,22",
                        "startColumns": "4,4,4,4,4,4,4,4,4,4,4,4,4,4,4,4,4,4,4,4,4",
                        "startOffsets": "55,160,268,391,488,598,684,788,907,991,1074,1160,1264,1377,1483,1588,1701,1808,1931,2028,2117",
                        "endColumns": "104,107,122,96,109,85,103,118,83,82,85,103,112,105,104,112,106,122,96,88,100",
                        "endOffsets": "155,263,386,483,593,679,783,902,986,1069,1155,1259,1372,1478,1583,1696,1803,1926,2023,2112,2213"
                    },
                    "to": {
                        "startLines": "2,3,4,5,6,7,8,9,10,11,12,13,14,15,16,17,18,19,20,38,39",
                        "startColumns": "4,4,4,4,4,4,4,4,4,4,4,4,4,4,4,4,4,4,4,4,4",
                        "startOffsets": "105,210,318,441,538,648,734,838,957,1041,1124,1210,1314,1427,1533,1638,1751,1858,1981,4609,4698",
                        "endColumns": "104,107,122,96,109,85,103,118,83,82,85,103,112,105,104,112,106,122,96,88,100",
                        "endOffsets": "205,313,436,533,643,729,833,952,1036,1119,1205,1309,1422,1528,1633,1746,1853,1976,2073,4693,4794"
                    }
                }
            ]
        }
    ]
}