{
    "logs": [
        {
            "outputFile": "/Users/KAPIL/Desktop/TripLogger/app/build/intermediates/incremental/mergeDebugResources/merged.dir/values-uz/values-uz.xml",
            "map": [
                {
                    "source": "/Users/KAPIL/.gradle/caches/transforms-1/files-1.1/play-services-base-11.0.4.aar/5692b0b46a2e47e0c41ced148f3d8622/res/values-uz/values.xml",
                    "from": {
                        "startLines": "4,5,6,7,8,9,10,11,12,13,14,15,16,17,18,19",
                        "startColumns": "0,0,0,0,0,0,0,0,0,0,0,0,0,0,0,0",
                        "startOffsets": "283,386,568,695,802,1006,1137,1268,1499,1605,1795,1925,2138,2326,2418,2505",
                        "endColumns": "102,181,126,106,203,130,130,230,105,189,129,212,187,91,86,104",
                        "endOffsets": "385,567,694,801,1005,1136,1267,1498,1604,1794,1924,2137,2325,2417,2504,2609"
                    },
                    "to": {
                        "startLines": "2,3,4,5,6,7,8,10,11,12,13,14,15,16,17,18",
                        "startColumns": "4,4,4,4,4,4,4,4,4,4,4,4,4,4,4,4",
                        "startOffsets": "105,212,394,525,636,840,975,1319,1550,1660,1850,1984,2197,2389,2485,2576",
                        "endColumns": "106,181,130,110,203,134,134,230,109,189,133,212,191,95,90,108",
                        "endOffsets": "207,389,520,631,835,970,1105,1545,1655,1845,1979,2192,2384,2480,2571,2680"
                    }
                },
                {
                    "source": "/Users/KAPIL/.gradle/caches/transforms-1/files-1.1/play-services-basement-11.0.4.aar/8d20eaf0785dc42b2ca660ab87eb1c23/res/values-uz/values.xml",
                    "from": {
                        "startLines": "4",
                        "startColumns": "0",
                        "startOffsets": "285",
                        "endColumns": "208",
                        "endOffsets": "493"
                    },
                    "to": {
                        "startLines": "9",
                        "startColumns": "4",
                        "startOffsets": "1110",
                        "endColumns": "208",
                        "endOffsets": "1314"
                    }
                }
            ]
        }
    ]
}