{
    "logs": [
        {
            "outputFile": "/Users/KAPIL/Desktop/TripLogger/app/build/intermediates/incremental/mergeDebugResources/merged.dir/values-ur/values-ur.xml",
            "map": [
                {
                    "source": "/Users/KAPIL/.gradle/caches/transforms-1/files-1.1/play-services-base-11.0.4.aar/5692b0b46a2e47e0c41ced148f3d8622/res/values-ur/values.xml",
                    "from": {
                        "startLines": "4,5,6,7,8,9,10,11,12,13,14,15,16,17,18,19",
                        "startColumns": "0,0,0,0,0,0,0,0,0,0,0,0,0,0,0,0",
                        "startOffsets": "283,389,585,709,818,1017,1142,1271,1482,1590,1793,1919,2124,2319,2408,2501",
                        "endColumns": "105,195,123,108,198,124,128,210,107,202,125,204,194,88,92,112",
                        "endOffsets": "388,584,708,817,1016,1141,1270,1481,1589,1792,1918,2123,2318,2407,2500,2613"
                    },
                    "to": {
                        "startLines": "2,3,4,5,6,7,8,10,11,12,13,14,15,16,17,18",
                        "startColumns": "4,4,4,4,4,4,4,4,4,4,4,4,4,4,4,4",
                        "startOffsets": "105,215,411,539,652,851,980,1324,1535,1647,1850,1980,2185,2384,2477,2574",
                        "endColumns": "109,195,127,112,198,128,132,210,111,202,129,204,198,92,96,116",
                        "endOffsets": "210,406,534,647,846,975,1108,1530,1642,1845,1975,2180,2379,2472,2569,2686"
                    }
                },
                {
                    "source": "/Users/KAPIL/.gradle/caches/transforms-1/files-1.1/play-services-basement-11.0.4.aar/8d20eaf0785dc42b2ca660ab87eb1c23/res/values-ur/values.xml",
                    "from": {
                        "startLines": "4",
                        "startColumns": "0",
                        "startOffsets": "285",
                        "endColumns": "210",
                        "endOffsets": "495"
                    },
                    "to": {
                        "startLines": "9",
                        "startColumns": "4",
                        "startOffsets": "1113",
                        "endColumns": "210",
                        "endOffsets": "1319"
                    }
                }
            ]
        }
    ]
}