{
    "logs": [
        {
            "outputFile": "/Users/KAPIL/Desktop/TripLogger/app/build/intermediates/incremental/mergeDebugResources/merged.dir/values-ne/values-ne.xml",
            "map": [
                {
                    "source": "/Users/KAPIL/.gradle/caches/transforms-1/files-1.1/play-services-basement-11.0.4.aar/8d20eaf0785dc42b2ca660ab87eb1c23/res/values-ne/values.xml",
                    "from": {
                        "startLines": "4",
                        "startColumns": "0",
                        "startOffsets": "285",
                        "endColumns": "222",
                        "endOffsets": "507"
                    },
                    "to": {
                        "startLines": "9",
                        "startColumns": "4",
                        "startOffsets": "1169",
                        "endColumns": "222",
                        "endOffsets": "1387"
                    }
                },
                {
                    "source": "/Users/KAPIL/.gradle/caches/transforms-1/files-1.1/play-services-base-11.0.4.aar/5692b0b46a2e47e0c41ced148f3d8622/res/values-ne/values.xml",
                    "from": {
                        "startLines": "4,5,6,7,8,9,10,11,12,13,14,15,16,17,18,19",
                        "startColumns": "0,0,0,0,0,0,0,0,0,0,0,0,0,0,0,0",
                        "startOffsets": "283,396,586,718,833,1063,1197,1327,1566,1682,1877,2012,2219,2397,2489,2587",
                        "endColumns": "112,189,131,114,229,133,129,238,115,194,134,206,177,91,97,116",
                        "endOffsets": "395,585,717,832,1062,1196,1326,1565,1681,1876,2011,2218,2396,2488,2586,2703"
                    },
                    "to": {
                        "startLines": "2,3,4,5,6,7,8,10,11,12,13,14,15,16,17,18",
                        "startColumns": "4,4,4,4,4,4,4,4,4,4,4,4,4,4,4,4",
                        "startOffsets": "105,222,412,548,667,897,1035,1392,1631,1751,1946,2085,2292,2474,2570,2672",
                        "endColumns": "116,189,135,118,229,137,133,238,119,194,138,206,181,95,101,120",
                        "endOffsets": "217,407,543,662,892,1030,1164,1626,1746,1941,2080,2287,2469,2565,2667,2788"
                    }
                }
            ]
        }
    ]
}