{
    "logs": [
        {
            "outputFile": "/Users/KAPIL/Desktop/TripLogger/app/build/intermediates/incremental/mergeDebugResources/merged.dir/values-pt-rPT/values-pt-rPT.xml",
            "map": [
                {
                    "source": "/Users/KAPIL/.gradle/caches/transforms-1/files-1.1/appcompat-v7-25.3.1.aar/3b099b4242a6e0bcbd38f380ab71a750/res/values-pt-rPT/values-pt-rPT.xml",
                    "from": {
                        "startLines": "2,3,4,5,6,7,8,9,10,11,12,13,14,15,16,17,18,19,20,21,22",
                        "startColumns": "4,4,4,4,4,4,4,4,4,4,4,4,4,4,4,4,4,4,4,4,4",
                        "startOffsets": "55,175,283,406,512,619,708,809,933,1017,1098,1185,1292,1404,1506,1614,1721,1828,1950,2049,2134",
                        "endColumns": "119,107,122,105,106,88,100,123,83,80,86,106,111,101,107,106,106,121,98,84,100",
                        "endOffsets": "170,278,401,507,614,703,804,928,1012,1093,1180,1287,1399,1501,1609,1716,1823,1945,2044,2129,2230"
                    },
                    "to": {
                        "startLines": "2,3,4,5,6,7,8,9,10,11,12,13,14,15,16,17,18,19,20,38,39",
                        "startColumns": "4,4,4,4,4,4,4,4,4,4,4,4,4,4,4,4,4,4,4,4,4",
                        "startOffsets": "105,225,333,456,562,669,758,859,983,1067,1148,1235,1342,1454,1556,1664,1771,1878,2000,4770,4855",
                        "endColumns": "119,107,122,105,106,88,100,123,83,80,86,106,111,101,107,106,106,121,98,84,100",
                        "endOffsets": "220,328,451,557,664,753,854,978,1062,1143,1230,1337,1449,1551,1659,1766,1873,1995,2094,4850,4951"
                    }
                },
                {
                    "source": "/Users/KAPIL/.gradle/caches/transforms-1/files-1.1/play-services-basement-11.0.4.aar/8d20eaf0785dc42b2ca660ab87eb1c23/res/values-pt-rPT/values.xml",
                    "from": {
                        "startLines": "4",
                        "startColumns": "0",
                        "startOffsets": "289",
                        "endColumns": "203",
                        "endOffsets": "492"
                    },
                    "to": {
                        "startLines": "28",
                        "startColumns": "4",
                        "startOffsets": "3136",
                        "endColumns": "203",
                        "endOffsets": "3335"
                    }
                },
                {
                    "source": "/Users/KAPIL/.gradle/caches/transforms-1/files-1.1/play-services-base-11.0.4.aar/5692b0b46a2e47e0c41ced148f3d8622/res/values-pt-rPT/values.xml",
                    "from": {
                        "startLines": "4,5,6,7,8,9,10,11,12,13,14,15,16,17,18,19",
                        "startColumns": "0,0,0,0,0,0,0,0,0,0,0,0,0,0,0,0",
                        "startOffsets": "287,390,585,711,817,1044,1170,1304,1551,1657,1858,1987,2205,2409,2503,2598",
                        "endColumns": "102,194,125,105,226,125,133,246,105,200,128,217,203,93,94,111",
                        "endOffsets": "389,584,710,816,1043,1169,1303,1550,1656,1857,1986,2204,2408,2502,2597,2709"
                    },
                    "to": {
                        "startLines": "21,22,23,24,25,26,27,29,30,31,32,33,34,35,36,37",
                        "startColumns": "4,4,4,4,4,4,4,4,4,4,4,4,4,4,4,4",
                        "startOffsets": "2099,2206,2401,2531,2641,2868,2998,3340,3587,3697,3898,4031,4249,4457,4555,4654",
                        "endColumns": "106,194,129,109,226,129,137,246,109,200,132,217,207,97,98,115",
                        "endOffsets": "2201,2396,2526,2636,2863,2993,3131,3582,3692,3893,4026,4244,4452,4550,4649,4765"
                    }
                }
            ]
        }
    ]
}