{
    "logs": [
        {
            "outputFile": "/Users/KAPIL/Desktop/TripLogger/app/build/intermediates/incremental/mergeDebugResources/merged.dir/values-mn/values-mn.xml",
            "map": [
                {
                    "source": "/Users/KAPIL/.gradle/caches/transforms-1/files-1.1/play-services-base-11.0.4.aar/5692b0b46a2e47e0c41ced148f3d8622/res/values-mn/values.xml",
                    "from": {
                        "startLines": "4,5,6,7,8,9,10,11,12,13,14,15,16,17,18,19",
                        "startColumns": "0,0,0,0,0,0,0,0,0,0,0,0,0,0,0,0",
                        "startOffsets": "283,391,580,710,815,1011,1135,1270,1473,1578,1777,1904,2104,2298,2385,2473",
                        "endColumns": "107,188,129,104,195,123,134,202,104,198,126,199,193,86,87,101",
                        "endOffsets": "390,579,709,814,1010,1134,1269,1472,1577,1776,1903,2103,2297,2384,2472,2574"
                    },
                    "to": {
                        "startLines": "2,3,4,5,6,7,8,10,11,12,13,14,15,16,17,18",
                        "startColumns": "4,4,4,4,4,4,4,4,4,4,4,4,4,4,4,4",
                        "startOffsets": "105,217,406,540,649,845,973,1321,1524,1633,1832,1963,2163,2361,2452,2544",
                        "endColumns": "111,188,133,108,195,127,138,202,108,198,130,199,197,90,91,105",
                        "endOffsets": "212,401,535,644,840,968,1107,1519,1628,1827,1958,2158,2356,2447,2539,2645"
                    }
                },
                {
                    "source": "/Users/KAPIL/.gradle/caches/transforms-1/files-1.1/play-services-basement-11.0.4.aar/8d20eaf0785dc42b2ca660ab87eb1c23/res/values-mn/values.xml",
                    "from": {
                        "startLines": "4",
                        "startColumns": "0",
                        "startOffsets": "285",
                        "endColumns": "208",
                        "endOffsets": "493"
                    },
                    "to": {
                        "startLines": "9",
                        "startColumns": "4",
                        "startOffsets": "1112",
                        "endColumns": "208",
                        "endOffsets": "1316"
                    }
                }
            ]
        }
    ]
}