{
    "logs": [
        {
            "outputFile": "/Users/KAPIL/Desktop/TripLogger/app/build/intermediates/incremental/mergeDebugResources/merged.dir/values-pa/values-pa.xml",
            "map": [
                {
                    "source": "/Users/KAPIL/.gradle/caches/transforms-1/files-1.1/play-services-basement-11.0.4.aar/8d20eaf0785dc42b2ca660ab87eb1c23/res/values-pa/values.xml",
                    "from": {
                        "startLines": "4",
                        "startColumns": "0",
                        "startOffsets": "285",
                        "endColumns": "209",
                        "endOffsets": "494"
                    },
                    "to": {
                        "startLines": "9",
                        "startColumns": "4",
                        "startOffsets": "1134",
                        "endColumns": "209",
                        "endOffsets": "1339"
                    }
                },
                {
                    "source": "/Users/KAPIL/.gradle/caches/transforms-1/files-1.1/play-services-base-11.0.4.aar/5692b0b46a2e47e0c41ced148f3d8622/res/values-pa/values.xml",
                    "from": {
                        "startLines": "4,5,6,7,8,9,10,11,12,13,14,15,16,17,18,19",
                        "startColumns": "0,0,0,0,0,0,0,0,0,0,0,0,0,0,0,0",
                        "startOffsets": "283,388,595,723,830,1036,1163,1292,1513,1620,1820,1950,2161,2338,2430,2522",
                        "endColumns": "104,206,127,106,205,126,128,220,106,199,129,210,176,91,91,106",
                        "endOffsets": "387,594,722,829,1035,1162,1291,1512,1619,1819,1949,2160,2337,2429,2521,2628"
                    },
                    "to": {
                        "startLines": "2,3,4,5,6,7,8,10,11,12,13,14,15,16,17,18",
                        "startColumns": "4,4,4,4,4,4,4,4,4,4,4,4,4,4,4,4",
                        "startOffsets": "105,214,421,553,664,870,1001,1344,1565,1676,1876,2010,2221,2402,2498,2594",
                        "endColumns": "108,206,131,110,205,130,132,220,110,199,133,210,180,95,95,110",
                        "endOffsets": "209,416,548,659,865,996,1129,1560,1671,1871,2005,2216,2397,2493,2589,2700"
                    }
                }
            ]
        }
    ]
}