{
    "logs": [
        {
            "outputFile": "/Users/KAPIL/Desktop/TripLogger/app/build/intermediates/incremental/mergeDebugResources/merged.dir/values-iw/values-iw.xml",
            "map": [
                {
                    "source": "/Users/KAPIL/.gradle/caches/transforms-1/files-1.1/play-services-basement-11.0.4.aar/8d20eaf0785dc42b2ca660ab87eb1c23/res/values-iw/values.xml",
                    "from": {
                        "startLines": "4",
                        "startColumns": "0",
                        "startOffsets": "285",
                        "endColumns": "176",
                        "endOffsets": "461"
                    },
                    "to": {
                        "startLines": "28",
                        "startColumns": "4",
                        "startOffsets": "2984",
                        "endColumns": "176",
                        "endOffsets": "3156"
                    }
                },
                {
                    "source": "/Users/KAPIL/.gradle/caches/transforms-1/files-1.1/appcompat-v7-25.3.1.aar/3b099b4242a6e0bcbd38f380ab71a750/res/values-iw/values-iw.xml",
                    "from": {
                        "startLines": "2,3,4,5,6,7,8,9,10,11,12,13,14,15,16,17,18,19,20,21,22",
                        "startColumns": "4,4,4,4,4,4,4,4,4,4,4,4,4,4,4,4,4,4,4,4,4",
                        "startOffsets": "55,159,269,395,494,602,686,786,900,978,1056,1135,1237,1341,1437,1540,1641,1741,1857,1953,2032",
                        "endColumns": "103,109,125,98,107,83,99,113,77,77,78,101,103,95,102,100,99,115,95,78,102",
                        "endOffsets": "154,264,390,489,597,681,781,895,973,1051,1130,1232,1336,1432,1535,1636,1736,1852,1948,2027,2130"
                    },
                    "to": {
                        "startLines": "2,3,4,5,6,7,8,9,10,11,12,13,14,15,16,17,18,19,20,38,39",
                        "startColumns": "4,4,4,4,4,4,4,4,4,4,4,4,4,4,4,4,4,4,4,4,4",
                        "startOffsets": "105,209,319,445,544,652,736,836,950,1028,1106,1185,1287,1391,1487,1590,1691,1791,1907,4420,4499",
                        "endColumns": "103,109,125,98,107,83,99,113,77,77,78,101,103,95,102,100,99,115,95,78,102",
                        "endOffsets": "204,314,440,539,647,731,831,945,1023,1101,1180,1282,1386,1482,1585,1686,1786,1902,1998,4494,4597"
                    }
                },
                {
                    "source": "/Users/KAPIL/.gradle/caches/transforms-1/files-1.1/play-services-base-11.0.4.aar/5692b0b46a2e47e0c41ced148f3d8622/res/values-iw/values.xml",
                    "from": {
                        "startLines": "4,5,6,7,8,9,10,11,12,13,14,15,16,17,18,19",
                        "startColumns": "0,0,0,0,0,0,0,0,0,0,0,0,0,0,0,0",
                        "startOffsets": "283,384,570,693,795,993,1116,1244,1439,1540,1716,1837,2030,2201,2287,2373",
                        "endColumns": "100,185,122,101,197,122,127,194,100,175,120,192,170,85,85,105",
                        "endOffsets": "383,569,692,794,992,1115,1243,1438,1539,1715,1836,2029,2200,2286,2372,2478"
                    },
                    "to": {
                        "startLines": "21,22,23,24,25,26,27,29,30,31,32,33,34,35,36,37",
                        "startColumns": "4,4,4,4,4,4,4,4,4,4,4,4,4,4,4,4",
                        "startOffsets": "2003,2108,2294,2421,2527,2725,2852,3161,3356,3461,3637,3762,3955,4130,4220,4310",
                        "endColumns": "104,185,126,105,197,126,131,194,104,175,124,192,174,89,89,109",
                        "endOffsets": "2103,2289,2416,2522,2720,2847,2979,3351,3456,3632,3757,3950,4125,4215,4305,4415"
                    }
                }
            ]
        }
    ]
}