{
    "logs": [
        {
            "outputFile": "/Users/KAPIL/Desktop/TripLogger/app/build/intermediates/incremental/mergeDebugResources/merged.dir/values-si/values-si.xml",
            "map": [
                {
                    "source": "/Users/KAPIL/.gradle/caches/transforms-1/files-1.1/play-services-base-11.0.4.aar/5692b0b46a2e47e0c41ced148f3d8622/res/values-si/values.xml",
                    "from": {
                        "startLines": "4,5,6,7,8,9,10,11,12,13,14,15,16,17,18,19",
                        "startColumns": "0,0,0,0,0,0,0,0,0,0,0,0,0,0,0,0",
                        "startOffsets": "283,389,575,697,808,1009,1131,1254,1464,1577,1764,1893,2096,2283,2382,2469",
                        "endColumns": "105,185,121,110,200,121,122,209,112,186,128,202,186,98,86,104",
                        "endOffsets": "388,574,696,807,1008,1130,1253,1463,1576,1763,1892,2095,2282,2381,2468,2573"
                    },
                    "to": {
                        "startLines": "2,3,4,5,6,7,8,10,11,12,13,14,15,16,17,18",
                        "startColumns": "4,4,4,4,4,4,4,4,4,4,4,4,4,4,4,4",
                        "startOffsets": "105,215,401,527,642,843,969,1294,1504,1621,1808,1941,2144,2335,2438,2529",
                        "endColumns": "109,185,125,114,200,125,126,209,116,186,132,202,190,102,90,108",
                        "endOffsets": "210,396,522,637,838,964,1091,1499,1616,1803,1936,2139,2330,2433,2524,2633"
                    }
                },
                {
                    "source": "/Users/KAPIL/.gradle/caches/transforms-1/files-1.1/play-services-basement-11.0.4.aar/8d20eaf0785dc42b2ca660ab87eb1c23/res/values-si/values.xml",
                    "from": {
                        "startLines": "4",
                        "startColumns": "0",
                        "startOffsets": "285",
                        "endColumns": "197",
                        "endOffsets": "482"
                    },
                    "to": {
                        "startLines": "9",
                        "startColumns": "4",
                        "startOffsets": "1096",
                        "endColumns": "197",
                        "endOffsets": "1289"
                    }
                }
            ]
        }
    ]
}