{
    "logs": [
        {
            "outputFile": "/Users/KAPIL/Desktop/TripLogger/app/build/intermediates/incremental/mergeDebugResources/merged.dir/values-sw/values-sw.xml",
            "map": [
                {
                    "source": "/Users/KAPIL/.gradle/caches/transforms-1/files-1.1/play-services-basement-11.0.4.aar/8d20eaf0785dc42b2ca660ab87eb1c23/res/values-sw/values.xml",
                    "from": {
                        "startLines": "4",
                        "startColumns": "0",
                        "startOffsets": "285",
                        "endColumns": "204",
                        "endOffsets": "489"
                    },
                    "to": {
                        "startLines": "28",
                        "startColumns": "4",
                        "startOffsets": "3074",
                        "endColumns": "204",
                        "endOffsets": "3274"
                    }
                },
                {
                    "source": "/Users/KAPIL/.gradle/caches/transforms-1/files-1.1/appcompat-v7-25.3.1.aar/3b099b4242a6e0bcbd38f380ab71a750/res/values-sw/values-sw.xml",
                    "from": {
                        "startLines": "2,3,4,5,6,7,8,9,10,11,12,13,14,15,16,17,18,19,20,21,22",
                        "startColumns": "4,4,4,4,4,4,4,4,4,4,4,4,4,4,4,4,4,4,4,4,4",
                        "startOffsets": "55,158,266,389,487,595,685,790,907,989,1072,1154,1255,1364,1463,1570,1679,1784,1903,2000,2082",
                        "endColumns": "102,107,122,97,107,89,104,116,81,82,81,100,108,98,106,108,104,118,96,81,100",
                        "endOffsets": "153,261,384,482,590,680,785,902,984,1067,1149,1250,1359,1458,1565,1674,1779,1898,1995,2077,2178"
                    },
                    "to": {
                        "startLines": "2,3,4,5,6,7,8,9,10,11,12,13,14,15,16,17,18,19,20,38,39",
                        "startColumns": "4,4,4,4,4,4,4,4,4,4,4,4,4,4,4,4,4,4,4,4,4",
                        "startOffsets": "105,208,316,439,537,645,735,840,957,1039,1122,1204,1305,1414,1513,1620,1729,1834,1953,4651,4733",
                        "endColumns": "102,107,122,97,107,89,104,116,81,82,81,100,108,98,106,108,104,118,96,81,100",
                        "endOffsets": "203,311,434,532,640,730,835,952,1034,1117,1199,1300,1409,1508,1615,1724,1829,1948,2045,4728,4829"
                    }
                },
                {
                    "source": "/Users/KAPIL/.gradle/caches/transforms-1/files-1.1/play-services-base-11.0.4.aar/5692b0b46a2e47e0c41ced148f3d8622/res/values-sw/values.xml",
                    "from": {
                        "startLines": "4,5,6,7,8,9,10,11,12,13,14,15,16,17,18,19",
                        "startColumns": "0,0,0,0,0,0,0,0,0,0,0,0,0,0,0,0",
                        "startOffsets": "283,385,573,696,803,1025,1148,1287,1511,1615,1800,1925,2134,2319,2413,2514",
                        "endColumns": "101,187,122,106,221,122,138,223,103,184,124,208,184,93,100,120",
                        "endOffsets": "384,572,695,802,1024,1147,1286,1510,1614,1799,1924,2133,2318,2412,2513,2634"
                    },
                    "to": {
                        "startLines": "21,22,23,24,25,26,27,29,30,31,32,33,34,35,36,37",
                        "startColumns": "4,4,4,4,4,4,4,4,4,4,4,4,4,4,4,4",
                        "startOffsets": "2050,2156,2344,2471,2582,2804,2931,3279,3503,3611,3796,3925,4134,4323,4421,4526",
                        "endColumns": "105,187,126,110,221,126,142,223,107,184,128,208,188,97,104,124",
                        "endOffsets": "2151,2339,2466,2577,2799,2926,3069,3498,3606,3791,3920,4129,4318,4416,4521,4646"
                    }
                }
            ]
        }
    ]
}