{
    "logs": [
        {
            "outputFile": "/Users/KAPIL/Desktop/TripLogger/app/build/intermediates/incremental/mergeDebugResources/merged.dir/values-es/values-es.xml",
            "map": [
                {
                    "source": "/Users/KAPIL/.gradle/caches/transforms-1/files-1.1/play-services-basement-11.0.4.aar/8d20eaf0785dc42b2ca660ab87eb1c23/res/values-es/values.xml",
                    "from": {
                        "startLines": "4",
                        "startColumns": "0",
                        "startOffsets": "285",
                        "endColumns": "218",
                        "endOffsets": "503"
                    },
                    "to": {
                        "startLines": "28",
                        "startColumns": "4",
                        "startOffsets": "3114",
                        "endColumns": "218",
                        "endOffsets": "3328"
                    }
                },
                {
                    "source": "/Users/KAPIL/.gradle/caches/transforms-1/files-1.1/play-services-base-11.0.4.aar/5692b0b46a2e47e0c41ced148f3d8622/res/values-es/values.xml",
                    "from": {
                        "startLines": "4,5,6,7,8,9,10,11,12,13,14,15,16,17,18,19",
                        "startColumns": "0,0,0,0,0,0,0,0,0,0,0,0,0,0,0,0",
                        "startOffsets": "283,389,584,713,819,1039,1170,1305,1556,1663,1859,1989,2213,2396,2489,2584",
                        "endColumns": "105,194,128,105,219,130,134,250,106,195,129,223,182,92,94,109",
                        "endOffsets": "388,583,712,818,1038,1169,1304,1555,1662,1858,1988,2212,2395,2488,2583,2693"
                    },
                    "to": {
                        "startLines": "21,22,23,24,25,26,27,29,30,31,32,33,34,35,36,37",
                        "startColumns": "4,4,4,4,4,4,4,4,4,4,4,4,4,4,4,4",
                        "startOffsets": "2072,2182,2377,2510,2620,2840,2975,3333,3584,3695,3891,4025,4249,4436,4533,4632",
                        "endColumns": "109,194,132,109,219,134,138,250,110,195,133,223,186,96,98,113",
                        "endOffsets": "2177,2372,2505,2615,2835,2970,3109,3579,3690,3886,4020,4244,4431,4528,4627,4741"
                    }
                },
                {
                    "source": "/Users/KAPIL/.gradle/caches/transforms-1/files-1.1/appcompat-v7-25.3.1.aar/3b099b4242a6e0bcbd38f380ab71a750/res/values-es/values-es.xml",
                    "from": {
                        "startLines": "2,3,4,5,6,7,8,9,10,11,12,13,14,15,16,17,18,19,20,21,22",
                        "startColumns": "4,4,4,4,4,4,4,4,4,4,4,4,4,4,4,4,4,4,4,4,4",
                        "startOffsets": "55,172,280,403,516,624,709,810,938,1014,1090,1172,1279,1379,1478,1586,1693,1800,1922,2022,2104",
                        "endColumns": "116,107,122,112,107,84,100,127,75,75,81,106,99,98,107,106,106,121,99,81,100",
                        "endOffsets": "167,275,398,511,619,704,805,933,1009,1085,1167,1274,1374,1473,1581,1688,1795,1917,2017,2099,2200"
                    },
                    "to": {
                        "startLines": "2,3,4,5,6,7,8,9,10,11,12,13,14,15,16,17,18,19,20,38,39",
                        "startColumns": "4,4,4,4,4,4,4,4,4,4,4,4,4,4,4,4,4,4,4,4,4",
                        "startOffsets": "105,222,330,453,566,674,759,860,988,1064,1140,1222,1329,1429,1528,1636,1743,1850,1972,4746,4828",
                        "endColumns": "116,107,122,112,107,84,100,127,75,75,81,106,99,98,107,106,106,121,99,81,100",
                        "endOffsets": "217,325,448,561,669,754,855,983,1059,1135,1217,1324,1424,1523,1631,1738,1845,1967,2067,4823,4924"
                    }
                }
            ]
        }
    ]
}