{
    "logs": [
        {
            "outputFile": "/Users/KAPIL/Desktop/TripLogger/app/build/intermediates/incremental/mergeDebugResources/merged.dir/values-zh-rCN/values-zh-rCN.xml",
            "map": [
                {
                    "source": "/Users/KAPIL/.gradle/caches/transforms-1/files-1.1/appcompat-v7-25.3.1.aar/3b099b4242a6e0bcbd38f380ab71a750/res/values-zh-rCN/values-zh-rCN.xml",
                    "from": {
                        "startLines": "2,3,4,5,6,7,8,9,10,11,12,13,14,15,16,17,18,19,20,21,22",
                        "startColumns": "4,4,4,4,4,4,4,4,4,4,4,4,4,4,4,4,4,4,4,4,4",
                        "startOffsets": "55,151,258,381,476,576,658,755,861,937,1013,1091,1187,1283,1378,1475,1570,1668,1780,1874,1952",
                        "endColumns": "95,106,122,94,99,81,96,105,75,75,77,95,95,94,96,94,97,111,93,77,100",
                        "endOffsets": "146,253,376,471,571,653,750,856,932,1008,1086,1182,1278,1373,1470,1565,1663,1775,1869,1947,2048"
                    },
                    "to": {
                        "startLines": "2,3,4,5,6,7,8,9,10,11,12,13,14,15,16,17,18,19,20,38,39",
                        "startColumns": "4,4,4,4,4,4,4,4,4,4,4,4,4,4,4,4,4,4,4,4,4",
                        "startOffsets": "105,201,308,431,526,626,708,805,911,987,1063,1141,1237,1333,1428,1525,1620,1718,1830,4095,4173",
                        "endColumns": "95,106,122,94,99,81,96,105,75,75,77,95,95,94,96,94,97,111,93,77,100",
                        "endOffsets": "196,303,426,521,621,703,800,906,982,1058,1136,1232,1328,1423,1520,1615,1713,1825,1919,4168,4269"
                    }
                },
                {
                    "source": "/Users/KAPIL/.gradle/caches/transforms-1/files-1.1/play-services-basement-11.0.4.aar/8d20eaf0785dc42b2ca660ab87eb1c23/res/values-zh-rCN/values.xml",
                    "from": {
                        "startLines": "4",
                        "startColumns": "0",
                        "startOffsets": "289",
                        "endColumns": "157",
                        "endOffsets": "446"
                    },
                    "to": {
                        "startLines": "28",
                        "startColumns": "4",
                        "startOffsets": "2812",
                        "endColumns": "157",
                        "endOffsets": "2965"
                    }
                },
                {
                    "source": "/Users/KAPIL/.gradle/caches/transforms-1/files-1.1/play-services-base-11.0.4.aar/5692b0b46a2e47e0c41ced148f3d8622/res/values-zh-rCN/values.xml",
                    "from": {
                        "startLines": "4,5,6,7,8,9,10,11,12,13,14,15,16,17,18,19",
                        "startColumns": "0,0,0,0,0,0,0,0,0,0,0,0,0,0,0,0",
                        "startOffsets": "287,386,547,660,760,924,1038,1155,1322,1421,1582,1695,1858,1992,2074,2157",
                        "endColumns": "98,160,112,99,163,113,116,166,98,160,112,162,133,81,82,98",
                        "endOffsets": "385,546,659,759,923,1037,1154,1321,1420,1581,1694,1857,1991,2073,2156,2255"
                    },
                    "to": {
                        "startLines": "21,22,23,24,25,26,27,29,30,31,32,33,34,35,36,37",
                        "startColumns": "4,4,4,4,4,4,4,4,4,4,4,4,4,4,4,4",
                        "startOffsets": "1924,2027,2188,2305,2409,2573,2691,2970,3137,3240,3401,3518,3681,3819,3905,3992",
                        "endColumns": "102,160,116,103,163,117,120,166,102,160,116,162,137,85,86,102",
                        "endOffsets": "2022,2183,2300,2404,2568,2686,2807,3132,3235,3396,3513,3676,3814,3900,3987,4090"
                    }
                }
            ]
        }
    ]
}