{
    "logs": [
        {
            "outputFile": "/Users/KAPIL/Desktop/TripLogger/app/build/intermediates/incremental/mergeDebugResources/merged.dir/values-pl/values-pl.xml",
            "map": [
                {
                    "source": "/Users/KAPIL/.gradle/caches/transforms-1/files-1.1/appcompat-v7-25.3.1.aar/3b099b4242a6e0bcbd38f380ab71a750/res/values-pl/values-pl.xml",
                    "from": {
                        "startLines": "2,3,4,5,6,7,8,9,10,11,12,13,14,15,16,17,18,19,20,21,22",
                        "startColumns": "4,4,4,4,4,4,4,4,4,4,4,4,4,4,4,4,4,4,4,4,4",
                        "startOffsets": "55,171,279,402,504,612,698,807,926,1004,1081,1163,1272,1381,1480,1589,1700,1808,1931,2027,2109",
                        "endColumns": "115,107,122,101,107,85,108,118,77,76,81,108,108,98,108,110,107,122,95,81,100",
                        "endOffsets": "166,274,397,499,607,693,802,921,999,1076,1158,1267,1376,1475,1584,1695,1803,1926,2022,2104,2205"
                    },
                    "to": {
                        "startLines": "2,3,4,5,6,7,8,9,10,11,12,13,14,15,16,17,18,19,20,38,39",
                        "startColumns": "4,4,4,4,4,4,4,4,4,4,4,4,4,4,4,4,4,4,4,4,4",
                        "startOffsets": "105,221,329,452,554,662,748,857,976,1054,1131,1213,1322,1431,1530,1639,1750,1858,1981,4677,4759",
                        "endColumns": "115,107,122,101,107,85,108,118,77,76,81,108,108,98,108,110,107,122,95,81,100",
                        "endOffsets": "216,324,447,549,657,743,852,971,1049,1126,1208,1317,1426,1525,1634,1745,1853,1976,2072,4754,4855"
                    }
                },
                {
                    "source": "/Users/KAPIL/.gradle/caches/transforms-1/files-1.1/play-services-base-11.0.4.aar/5692b0b46a2e47e0c41ced148f3d8622/res/values-pl/values.xml",
                    "from": {
                        "startLines": "4,5,6,7,8,9,10,11,12,13,14,15,16,17,18,19",
                        "startColumns": "0,0,0,0,0,0,0,0,0,0,0,0,0,0,0,0",
                        "startOffsets": "283,385,585,705,813,1023,1146,1270,1500,1607,1813,1939,2157,2344,2439,2531",
                        "endColumns": "101,199,119,107,209,122,123,229,106,205,125,217,186,94,91,108",
                        "endOffsets": "384,584,704,812,1022,1145,1269,1499,1606,1812,1938,2156,2343,2438,2530,2639"
                    },
                    "to": {
                        "startLines": "21,22,23,24,25,26,27,29,30,31,32,33,34,35,36,37",
                        "startColumns": "4,4,4,4,4,4,4,4,4,4,4,4,4,4,4,4",
                        "startOffsets": "2077,2183,2383,2507,2619,2829,2956,3283,3513,3624,3830,3960,4178,4369,4468,4564",
                        "endColumns": "105,199,123,111,209,126,127,229,110,205,129,217,190,98,95,112",
                        "endOffsets": "2178,2378,2502,2614,2824,2951,3079,3508,3619,3825,3955,4173,4364,4463,4559,4672"
                    }
                },
                {
                    "source": "/Users/KAPIL/.gradle/caches/transforms-1/files-1.1/play-services-basement-11.0.4.aar/8d20eaf0785dc42b2ca660ab87eb1c23/res/values-pl/values.xml",
                    "from": {
                        "startLines": "4",
                        "startColumns": "0",
                        "startOffsets": "285",
                        "endColumns": "198",
                        "endOffsets": "483"
                    },
                    "to": {
                        "startLines": "28",
                        "startColumns": "4",
                        "startOffsets": "3084",
                        "endColumns": "198",
                        "endOffsets": "3278"
                    }
                }
            ]
        }
    ]
}