{
    "logs": [
        {
            "outputFile": "/Users/KAPIL/Desktop/TripLogger/app/build/intermediates/incremental/mergeDebugResources/merged.dir/values-gu/values-gu.xml",
            "map": [
                {
                    "source": "/Users/KAPIL/.gradle/caches/transforms-1/files-1.1/play-services-basement-11.0.4.aar/8d20eaf0785dc42b2ca660ab87eb1c23/res/values-gu/values.xml",
                    "from": {
                        "startLines": "4",
                        "startColumns": "0",
                        "startOffsets": "285",
                        "endColumns": "205",
                        "endOffsets": "490"
                    },
                    "to": {
                        "startLines": "9",
                        "startColumns": "4",
                        "startOffsets": "1104",
                        "endColumns": "205",
                        "endOffsets": "1305"
                    }
                },
                {
                    "source": "/Users/KAPIL/.gradle/caches/transforms-1/files-1.1/play-services-base-11.0.4.aar/5692b0b46a2e47e0c41ced148f3d8622/res/values-gu/values.xml",
                    "from": {
                        "startLines": "4,5,6,7,8,9,10,11,12,13,14,15,16,17,18,19",
                        "startColumns": "0,0,0,0,0,0,0,0,0,0,0,0,0,0,0,0",
                        "startOffsets": "283,389,587,710,820,1017,1137,1262,1469,1575,1770,1893,2095,2271,2358,2450",
                        "endColumns": "105,197,122,109,196,119,124,206,105,194,122,201,175,86,91,106",
                        "endOffsets": "388,586,709,819,1016,1136,1261,1468,1574,1769,1892,2094,2270,2357,2449,2556"
                    },
                    "to": {
                        "startLines": "2,3,4,5,6,7,8,10,11,12,13,14,15,16,17,18",
                        "startColumns": "4,4,4,4,4,4,4,4,4,4,4,4,4,4,4,4",
                        "startOffsets": "105,215,413,540,654,851,975,1310,1517,1627,1822,1949,2151,2331,2422,2518",
                        "endColumns": "109,197,126,113,196,123,128,206,109,194,126,201,179,90,95,110",
                        "endOffsets": "210,408,535,649,846,970,1099,1512,1622,1817,1944,2146,2326,2417,2513,2624"
                    }
                }
            ]
        }
    ]
}