{
    "logs": [
        {
            "outputFile": "/Users/KAPIL/Desktop/TripLogger/app/build/intermediates/incremental/mergeDebugResources/merged.dir/values-cs/values-cs.xml",
            "map": [
                {
                    "source": "/Users/KAPIL/.gradle/caches/transforms-1/files-1.1/play-services-base-11.0.4.aar/5692b0b46a2e47e0c41ced148f3d8622/res/values-cs/values.xml",
                    "from": {
                        "startLines": "4,5,6,7,8,9,10,11,12,13,14,15,16,17,18,19",
                        "startColumns": "0,0,0,0,0,0,0,0,0,0,0,0,0,0,0,0",
                        "startOffsets": "283,387,579,702,810,1022,1147,1273,1507,1616,1811,1937,2157,2338,2432,2525",
                        "endColumns": "103,191,122,107,211,124,125,233,108,194,125,219,180,93,92,110",
                        "endOffsets": "386,578,701,809,1021,1146,1272,1506,1615,1810,1936,2156,2337,2431,2524,2635"
                    },
                    "to": {
                        "startLines": "21,22,23,24,25,26,27,29,30,31,32,33,34,35,36,37",
                        "startColumns": "4,4,4,4,4,4,4,4,4,4,4,4,4,4,4,4",
                        "startOffsets": "2065,2173,2365,2492,2604,2816,2945,3277,3511,3624,3819,3949,4169,4354,4452,4549",
                        "endColumns": "107,191,126,111,211,128,129,233,112,194,129,219,184,97,96,114",
                        "endOffsets": "2168,2360,2487,2599,2811,2940,3070,3506,3619,3814,3944,4164,4349,4447,4544,4659"
                    }
                },
                {
                    "source": "/Users/KAPIL/.gradle/caches/transforms-1/files-1.1/appcompat-v7-25.3.1.aar/3b099b4242a6e0bcbd38f380ab71a750/res/values-cs/values-cs.xml",
                    "from": {
                        "startLines": "2,3,4,5,6,7,8,9,10,11,12,13,14,15,16,17,18,19,20,21,22",
                        "startColumns": "4,4,4,4,4,4,4,4,4,4,4,4,4,4,4,4,4,4,4,4,4",
                        "startOffsets": "55,162,271,395,497,606,692,797,914,995,1076,1160,1264,1373,1472,1578,1688,1795,1917,2015,2097",
                        "endColumns": "106,108,123,101,108,85,104,116,80,80,83,103,108,98,105,109,106,121,97,81,100",
                        "endOffsets": "157,266,390,492,601,687,792,909,990,1071,1155,1259,1368,1467,1573,1683,1790,1912,2010,2092,2193"
                    },
                    "to": {
                        "startLines": "2,3,4,5,6,7,8,9,10,11,12,13,14,15,16,17,18,19,20,38,39",
                        "startColumns": "4,4,4,4,4,4,4,4,4,4,4,4,4,4,4,4,4,4,4,4,4",
                        "startOffsets": "105,212,321,445,547,656,742,847,964,1045,1126,1210,1314,1423,1522,1628,1738,1845,1967,4664,4746",
                        "endColumns": "106,108,123,101,108,85,104,116,80,80,83,103,108,98,105,109,106,121,97,81,100",
                        "endOffsets": "207,316,440,542,651,737,842,959,1040,1121,1205,1309,1418,1517,1623,1733,1840,1962,2060,4741,4842"
                    }
                },
                {
                    "source": "/Users/KAPIL/.gradle/caches/transforms-1/files-1.1/play-services-basement-11.0.4.aar/8d20eaf0785dc42b2ca660ab87eb1c23/res/values-cs/values.xml",
                    "from": {
                        "startLines": "4",
                        "startColumns": "0",
                        "startOffsets": "285",
                        "endColumns": "201",
                        "endOffsets": "486"
                    },
                    "to": {
                        "startLines": "28",
                        "startColumns": "4",
                        "startOffsets": "3075",
                        "endColumns": "201",
                        "endOffsets": "3272"
                    }
                }
            ]
        }
    ]
}