{
    "logs": [
        {
            "outputFile": "/Users/KAPIL/Desktop/TripLogger/app/build/intermediates/incremental/mergeDebugResources/merged.dir/values-kk/values-kk.xml",
            "map": [
                {
                    "source": "/Users/KAPIL/.gradle/caches/transforms-1/files-1.1/play-services-basement-11.0.4.aar/8d20eaf0785dc42b2ca660ab87eb1c23/res/values-kk/values.xml",
                    "from": {
                        "startLines": "4",
                        "startColumns": "0",
                        "startOffsets": "285",
                        "endColumns": "222",
                        "endOffsets": "507"
                    },
                    "to": {
                        "startLines": "9",
                        "startColumns": "4",
                        "startOffsets": "1096",
                        "endColumns": "222",
                        "endOffsets": "1314"
                    }
                },
                {
                    "source": "/Users/KAPIL/.gradle/caches/transforms-1/files-1.1/play-services-base-11.0.4.aar/5692b0b46a2e47e0c41ced148f3d8622/res/values-kk/values.xml",
                    "from": {
                        "startLines": "4,5,6,7,8,9,10,11,12,13,14,15,16,17,18,19",
                        "startColumns": "0,0,0,0,0,0,0,0,0,0,0,0,0,0,0,0",
                        "startOffsets": "283,384,569,693,797,996,1120,1254,1478,1582,1770,1897,2109,2292,2381,2466",
                        "endColumns": "100,184,123,103,198,123,133,223,103,187,126,211,182,88,84,102",
                        "endOffsets": "383,568,692,796,995,1119,1253,1477,1581,1769,1896,2108,2291,2380,2465,2568"
                    },
                    "to": {
                        "startLines": "2,3,4,5,6,7,8,10,11,12,13,14,15,16,17,18",
                        "startColumns": "4,4,4,4,4,4,4,4,4,4,4,4,4,4,4,4",
                        "startOffsets": "105,210,395,523,631,830,958,1319,1543,1651,1839,1970,2182,2369,2462,2551",
                        "endColumns": "104,184,127,107,198,127,137,223,107,187,130,211,186,92,88,106",
                        "endOffsets": "205,390,518,626,825,953,1091,1538,1646,1834,1965,2177,2364,2457,2546,2653"
                    }
                }
            ]
        }
    ]
}