{
    "logs": [
        {
            "outputFile": "/Users/KAPIL/Desktop/TripLogger/app/build/intermediates/incremental/mergeDebugResources/merged.dir/values-ca/values-ca.xml",
            "map": [
                {
                    "source": "/Users/KAPIL/.gradle/caches/transforms-1/files-1.1/play-services-basement-11.0.4.aar/8d20eaf0785dc42b2ca660ab87eb1c23/res/values-ca/values.xml",
                    "from": {
                        "startLines": "4",
                        "startColumns": "0",
                        "startOffsets": "285",
                        "endColumns": "197",
                        "endOffsets": "482"
                    },
                    "to": {
                        "startLines": "28",
                        "startColumns": "4",
                        "startOffsets": "3117",
                        "endColumns": "197",
                        "endOffsets": "3310"
                    }
                },
                {
                    "source": "/Users/KAPIL/.gradle/caches/transforms-1/files-1.1/appcompat-v7-25.3.1.aar/3b099b4242a6e0bcbd38f380ab71a750/res/values-ca/values-ca.xml",
                    "from": {
                        "startLines": "2,3,4,5,6,7,8,9,10,11,12,13,14,15,16,17,18,19,20,21,22",
                        "startColumns": "4,4,4,4,4,4,4,4,4,4,4,4,4,4,4,4,4,4,4,4,4",
                        "startOffsets": "55,173,281,404,510,617,700,808,934,1018,1099,1182,1293,1402,1500,1610,1714,1822,1945,2044,2125",
                        "endColumns": "117,107,122,105,106,82,107,125,83,80,82,110,108,97,109,103,107,122,98,80,100",
                        "endOffsets": "168,276,399,505,612,695,803,929,1013,1094,1177,1288,1397,1495,1605,1709,1817,1940,2039,2120,2221"
                    },
                    "to": {
                        "startLines": "2,3,4,5,6,7,8,9,10,11,12,13,14,15,16,17,18,19,20,38,39",
                        "startColumns": "4,4,4,4,4,4,4,4,4,4,4,4,4,4,4,4,4,4,4,4,4",
                        "startOffsets": "105,223,331,454,560,667,750,858,984,1068,1149,1232,1343,1452,1550,1660,1764,1872,1995,4722,4803",
                        "endColumns": "117,107,122,105,106,82,107,125,83,80,82,110,108,97,109,103,107,122,98,80,100",
                        "endOffsets": "218,326,449,555,662,745,853,979,1063,1144,1227,1338,1447,1545,1655,1759,1867,1990,2089,4798,4899"
                    }
                },
                {
                    "source": "/Users/KAPIL/.gradle/caches/transforms-1/files-1.1/play-services-base-11.0.4.aar/5692b0b46a2e47e0c41ced148f3d8622/res/values-ca/values.xml",
                    "from": {
                        "startLines": "4,5,6,7,8,9,10,11,12,13,14,15,16,17,18,19",
                        "startColumns": "0,0,0,0,0,0,0,0,0,0,0,0,0,0,0,0",
                        "startOffsets": "283,386,574,703,810,1022,1151,1286,1523,1630,1824,1957,2185,2372,2463,2557",
                        "endColumns": "102,187,128,106,211,128,134,236,106,193,132,227,186,90,93,111",
                        "endOffsets": "385,573,702,809,1021,1150,1285,1522,1629,1823,1956,2184,2371,2462,2556,2668"
                    },
                    "to": {
                        "startLines": "21,22,23,24,25,26,27,29,30,31,32,33,34,35,36,37",
                        "startColumns": "4,4,4,4,4,4,4,4,4,4,4,4,4,4,4,4",
                        "startOffsets": "2094,2201,2389,2522,2633,2845,2978,3315,3552,3663,3857,3994,4222,4413,4508,4606",
                        "endColumns": "106,187,132,110,211,132,138,236,110,193,136,227,190,94,97,115",
                        "endOffsets": "2196,2384,2517,2628,2840,2973,3112,3547,3658,3852,3989,4217,4408,4503,4601,4717"
                    }
                }
            ]
        }
    ]
}