{
    "logs": [
        {
            "outputFile": "/Users/KAPIL/Desktop/TripLogger/app/build/intermediates/incremental/mergeDebugResources/merged.dir/values-v14/values-v14.xml",
            "map": [
                {
                    "source": "/Users/KAPIL/.gradle/caches/transforms-1/files-1.1/appcompat-v7-25.3.1.aar/3b099b4242a6e0bcbd38f380ab71a750/res/values-v14/values-v14.xml",
                    "from": {
                        "startLines": "2,7,8,9,15,21,22,23,24,25,28,29",
                        "startColumns": "4,4,4,4,4,4,4,4,4,4,4,4",
                        "startOffsets": "55,331,402,485,895,1317,1437,1569,1689,1752,1906,1969",
                        "endLines": "6,7,8,14,20,21,22,23,24,27,28,29",
                        "endColumns": "12,70,82,12,12,119,131,119,62,12,62,131",
                        "endOffsets": "326,397,480,890,1312,1432,1564,1684,1747,1901,1964,2096"
                    }
                }
            ]
        }
    ]
}