{
    "logs": [
        {
            "outputFile": "/Users/KAPIL/Desktop/TripLogger/app/build/intermediates/incremental/mergeDebugResources/merged.dir/values-hu/values-hu.xml",
            "map": [
                {
                    "source": "/Users/KAPIL/.gradle/caches/transforms-1/files-1.1/play-services-base-11.0.4.aar/5692b0b46a2e47e0c41ced148f3d8622/res/values-hu/values.xml",
                    "from": {
                        "startLines": "4,5,6,7,8,9,10,11,12,13,14,15,16,17,18,19",
                        "startColumns": "0,0,0,0,0,0,0,0,0,0,0,0,0,0,0,0",
                        "startOffsets": "283,392,608,744,851,1078,1214,1349,1578,1684,1900,2035,2266,2464,2561,2655",
                        "endColumns": "108,215,135,106,226,135,134,228,105,215,134,230,197,96,93,112",
                        "endOffsets": "391,607,743,850,1077,1213,1348,1577,1683,1899,2034,2265,2463,2560,2654,2767"
                    },
                    "to": {
                        "startLines": "21,22,23,24,25,26,27,29,30,31,32,33,34,35,36,37",
                        "startColumns": "4,4,4,4,4,4,4,4,4,4,4,4,4,4,4,4",
                        "startOffsets": "2121,2234,2450,2590,2701,2928,3068,3443,3672,3782,3998,4137,4368,4570,4671,4769",
                        "endColumns": "112,215,139,110,226,139,138,228,109,215,138,230,201,100,97,116",
                        "endOffsets": "2229,2445,2585,2696,2923,3063,3202,3667,3777,3993,4132,4363,4565,4666,4764,4881"
                    }
                },
                {
                    "source": "/Users/KAPIL/.gradle/caches/transforms-1/files-1.1/play-services-basement-11.0.4.aar/8d20eaf0785dc42b2ca660ab87eb1c23/res/values-hu/values.xml",
                    "from": {
                        "startLines": "4",
                        "startColumns": "0",
                        "startOffsets": "285",
                        "endColumns": "235",
                        "endOffsets": "520"
                    },
                    "to": {
                        "startLines": "28",
                        "startColumns": "4",
                        "startOffsets": "3207",
                        "endColumns": "235",
                        "endOffsets": "3438"
                    }
                },
                {
                    "source": "/Users/KAPIL/.gradle/caches/transforms-1/files-1.1/appcompat-v7-25.3.1.aar/3b099b4242a6e0bcbd38f380ab71a750/res/values-hu/values-hu.xml",
                    "from": {
                        "startLines": "2,3,4,5,6,7,8,9,10,11,12,13,14,15,16,17,18,19,20,21,22",
                        "startColumns": "4,4,4,4,4,4,4,4,4,4,4,4,4,4,4,4,4,4,4,4,4",
                        "startOffsets": "55,163,271,394,499,614,698,810,940,1016,1092,1175,1285,1396,1496,1607,1715,1834,1968,2071,2154",
                        "endColumns": "107,107,122,104,114,83,111,129,75,75,82,109,110,99,110,107,118,133,102,82,100",
                        "endOffsets": "158,266,389,494,609,693,805,935,1011,1087,1170,1280,1391,1491,1602,1710,1829,1963,2066,2149,2250"
                    },
                    "to": {
                        "startLines": "2,3,4,5,6,7,8,9,10,11,12,13,14,15,16,17,18,19,20,38,39",
                        "startColumns": "4,4,4,4,4,4,4,4,4,4,4,4,4,4,4,4,4,4,4,4,4",
                        "startOffsets": "105,213,321,444,549,664,748,860,990,1066,1142,1225,1335,1446,1546,1657,1765,1884,2018,4886,4969",
                        "endColumns": "107,107,122,104,114,83,111,129,75,75,82,109,110,99,110,107,118,133,102,82,100",
                        "endOffsets": "208,316,439,544,659,743,855,985,1061,1137,1220,1330,1441,1541,1652,1760,1879,2013,2116,4964,5065"
                    }
                }
            ]
        }
    ]
}