{
    "logs": [
        {
            "outputFile": "/Users/KAPIL/Desktop/TripLogger/app/build/intermediates/incremental/mergeDebugResources/merged.dir/values-sk/values-sk.xml",
            "map": [
                {
                    "source": "/Users/KAPIL/.gradle/caches/transforms-1/files-1.1/appcompat-v7-25.3.1.aar/3b099b4242a6e0bcbd38f380ab71a750/res/values-sk/values-sk.xml",
                    "from": {
                        "startLines": "2,3,4,5,6,7,8,9,10,11,12,13,14,15,16,17,18,19,20,21,22",
                        "startColumns": "4,4,4,4,4,4,4,4,4,4,4,4,4,4,4,4,4,4,4,4,4",
                        "startOffsets": "55,162,270,393,493,604,690,798,916,994,1072,1156,1261,1370,1469,1575,1686,1795,1919,2017,2105",
                        "endColumns": "106,107,122,99,110,85,107,117,77,77,83,104,108,98,105,110,108,123,97,87,100",
                        "endOffsets": "157,265,388,488,599,685,793,911,989,1067,1151,1256,1365,1464,1570,1681,1790,1914,2012,2100,2201"
                    },
                    "to": {
                        "startLines": "2,3,4,5,6,7,8,9,10,11,12,13,14,15,16,17,18,19,20,38,39",
                        "startColumns": "4,4,4,4,4,4,4,4,4,4,4,4,4,4,4,4,4,4,4,4,4",
                        "startOffsets": "105,212,320,443,543,654,740,848,966,1044,1122,1206,1311,1420,1519,1625,1736,1845,1969,4680,4768",
                        "endColumns": "106,107,122,99,110,85,107,117,77,77,83,104,108,98,105,110,108,123,97,87,100",
                        "endOffsets": "207,315,438,538,649,735,843,961,1039,1117,1201,1306,1415,1514,1620,1731,1840,1964,2062,4763,4864"
                    }
                },
                {
                    "source": "/Users/KAPIL/.gradle/caches/transforms-1/files-1.1/play-services-basement-11.0.4.aar/8d20eaf0785dc42b2ca660ab87eb1c23/res/values-sk/values.xml",
                    "from": {
                        "startLines": "4",
                        "startColumns": "0",
                        "startOffsets": "285",
                        "endColumns": "197",
                        "endOffsets": "482"
                    },
                    "to": {
                        "startLines": "28",
                        "startColumns": "4",
                        "startOffsets": "3081",
                        "endColumns": "197",
                        "endOffsets": "3274"
                    }
                },
                {
                    "source": "/Users/KAPIL/.gradle/caches/transforms-1/files-1.1/play-services-base-11.0.4.aar/5692b0b46a2e47e0c41ced148f3d8622/res/values-sk/values.xml",
                    "from": {
                        "startLines": "4,5,6,7,8,9,10,11,12,13,14,15,16,17,18,19",
                        "startColumns": "0,0,0,0,0,0,0,0,0,0,0,0,0,0,0,0",
                        "startOffsets": "283,387,579,701,809,1024,1150,1277,1505,1614,1815,1943,2165,2355,2449,2542",
                        "endColumns": "103,191,121,107,214,125,126,227,108,200,127,221,189,93,92,111",
                        "endOffsets": "386,578,700,808,1023,1149,1276,1504,1613,1814,1942,2164,2354,2448,2541,2653"
                    },
                    "to": {
                        "startLines": "21,22,23,24,25,26,27,29,30,31,32,33,34,35,36,37",
                        "startColumns": "4,4,4,4,4,4,4,4,4,4,4,4,4,4,4,4",
                        "startOffsets": "2067,2175,2367,2493,2605,2820,2950,3279,3507,3620,3821,3953,4175,4369,4467,4564",
                        "endColumns": "107,191,125,111,214,129,130,227,112,200,131,221,193,97,96,115",
                        "endOffsets": "2170,2362,2488,2600,2815,2945,3076,3502,3615,3816,3948,4170,4364,4462,4559,4675"
                    }
                }
            ]
        }
    ]
}