{
    "logs": [
        {
            "outputFile": "/Users/KAPIL/Desktop/TripLogger/app/build/intermediates/incremental/mergeDebugResources/merged.dir/values-gu-rIN/values-gu-rIN.xml",
            "map": [
                {
                    "source": "/Users/KAPIL/.gradle/caches/transforms-1/files-1.1/appcompat-v7-25.3.1.aar/3b099b4242a6e0bcbd38f380ab71a750/res/values-gu-rIN/values-gu-rIN.xml",
                    "from": {
                        "startLines": "2,3,4,5,6,7,8,9,10,11,12,13,14,15,16,17,18,19,20,21,22",
                        "startColumns": "4,4,4,4,4,4,4,4,4,4,4,4,4,4,4,4,4,4,4,4,4",
                        "startOffsets": "55,164,272,395,499,606,693,794,917,994,1072,1152,1258,1360,1457,1566,1665,1775,1896,1999,2079",
                        "endColumns": "108,107,122,103,106,86,100,122,76,77,79,105,101,96,108,98,109,120,102,79,100",
                        "endOffsets": "159,267,390,494,601,688,789,912,989,1067,1147,1253,1355,1452,1561,1660,1770,1891,1994,2074,2175"
                    }
                }
            ]
        }
    ]
}