{
    "logs": [
        {
            "outputFile": "/Users/KAPIL/Desktop/TripLogger/app/build/intermediates/incremental/mergeDebugResources/merged.dir/values-mk-rMK/values-mk-rMK.xml",
            "map": [
                {
                    "source": "/Users/KAPIL/.gradle/caches/transforms-1/files-1.1/appcompat-v7-25.3.1.aar/3b099b4242a6e0bcbd38f380ab71a750/res/values-mk-rMK/values-mk-rMK.xml",
                    "from": {
                        "startLines": "2,3,4,5,6,7,8,9,10,11,12,13,14,15,16,17,18,19,20",
                        "startColumns": "4,4,4,4,4,4,4,4,4,4,4,4,4,4,4,4,4,4,4",
                        "startOffsets": "55,163,286,390,498,584,689,808,891,973,1060,1166,1273,1374,1481,1592,1696,1794,1878",
                        "endColumns": "107,122,103,107,85,104,118,82,81,86,105,106,100,106,110,103,97,83,100",
                        "endOffsets": "158,281,385,493,579,684,803,886,968,1055,1161,1268,1369,1476,1587,1691,1789,1873,1974"
                    }
                }
            ]
        }
    ]
}