{
    "logs": [
        {
            "outputFile": "/Users/KAPIL/Desktop/TripLogger/app/build/intermediates/incremental/mergeDebugResources/merged.dir/values-lv/values-lv.xml",
            "map": [
                {
                    "source": "/Users/KAPIL/.gradle/caches/transforms-1/files-1.1/appcompat-v7-25.3.1.aar/3b099b4242a6e0bcbd38f380ab71a750/res/values-lv/values-lv.xml",
                    "from": {
                        "startLines": "2,3,4,5,6,7,8,9,10,11,12,13,14,15,16,17,18,19,20,21,22",
                        "startColumns": "4,4,4,4,4,4,4,4,4,4,4,4,4,4,4,4,4,4,4,4,4",
                        "startOffsets": "55,175,283,406,514,623,709,813,935,1017,1099,1184,1293,1405,1504,1615,1724,1829,1948,2047,2129",
                        "endColumns": "119,107,122,107,108,85,103,121,81,81,84,108,111,98,110,108,104,118,98,81,100",
                        "endOffsets": "170,278,401,509,618,704,808,930,1012,1094,1179,1288,1400,1499,1610,1719,1824,1943,2042,2124,2225"
                    },
                    "to": {
                        "startLines": "2,3,4,5,6,7,8,9,10,11,12,13,14,15,16,17,18,19,20,38,39",
                        "startColumns": "4,4,4,4,4,4,4,4,4,4,4,4,4,4,4,4,4,4,4,4,4",
                        "startOffsets": "105,225,333,456,564,673,759,863,985,1067,1149,1234,1343,1455,1554,1665,1774,1879,1998,4743,4825",
                        "endColumns": "119,107,122,107,108,85,103,121,81,81,84,108,111,98,110,108,104,118,98,81,100",
                        "endOffsets": "220,328,451,559,668,754,858,980,1062,1144,1229,1338,1450,1549,1660,1769,1874,1993,2092,4820,4921"
                    }
                },
                {
                    "source": "/Users/KAPIL/.gradle/caches/transforms-1/files-1.1/play-services-base-11.0.4.aar/5692b0b46a2e47e0c41ced148f3d8622/res/values-lv/values.xml",
                    "from": {
                        "startLines": "4,5,6,7,8,9,10,11,12,13,14,15,16,17,18,19",
                        "startColumns": "0,0,0,0,0,0,0,0,0,0,0,0,0,0,0,0",
                        "startOffsets": "283,388,581,712,818,1019,1148,1279,1513,1620,1820,1953,2181,2362,2452,2546",
                        "endColumns": "104,192,130,105,200,128,130,233,106,199,132,227,180,89,93,113",
                        "endOffsets": "387,580,711,817,1018,1147,1278,1512,1619,1819,1952,2180,2361,2451,2545,2659"
                    },
                    "to": {
                        "startLines": "21,22,23,24,25,26,27,29,30,31,32,33,34,35,36,37",
                        "startColumns": "4,4,4,4,4,4,4,4,4,4,4,4,4,4,4,4",
                        "startOffsets": "2097,2206,2399,2534,2644,2845,2978,3338,3572,3683,3883,4020,4248,4433,4527,4625",
                        "endColumns": "108,192,134,109,200,132,134,233,110,199,136,227,184,93,97,117",
                        "endOffsets": "2201,2394,2529,2639,2840,2973,3108,3567,3678,3878,4015,4243,4428,4522,4620,4738"
                    }
                },
                {
                    "source": "/Users/KAPIL/.gradle/caches/transforms-1/files-1.1/play-services-basement-11.0.4.aar/8d20eaf0785dc42b2ca660ab87eb1c23/res/values-lv/values.xml",
                    "from": {
                        "startLines": "4",
                        "startColumns": "0",
                        "startOffsets": "285",
                        "endColumns": "224",
                        "endOffsets": "509"
                    },
                    "to": {
                        "startLines": "28",
                        "startColumns": "4",
                        "startOffsets": "3113",
                        "endColumns": "224",
                        "endOffsets": "3333"
                    }
                }
            ]
        }
    ]
}