{
    "logs": [
        {
            "outputFile": "/Users/KAPIL/Desktop/TripLogger/app/build/intermediates/incremental/mergeDebugResources/merged.dir/values-ms/values-ms.xml",
            "map": [
                {
                    "source": "/Users/KAPIL/.gradle/caches/transforms-1/files-1.1/play-services-basement-11.0.4.aar/8d20eaf0785dc42b2ca660ab87eb1c23/res/values-ms/values.xml",
                    "from": {
                        "startLines": "4",
                        "startColumns": "0",
                        "startOffsets": "285",
                        "endColumns": "204",
                        "endOffsets": "489"
                    },
                    "to": {
                        "startLines": "9",
                        "startColumns": "4",
                        "startOffsets": "1159",
                        "endColumns": "204",
                        "endOffsets": "1359"
                    }
                },
                {
                    "source": "/Users/KAPIL/.gradle/caches/transforms-1/files-1.1/play-services-base-11.0.4.aar/5692b0b46a2e47e0c41ced148f3d8622/res/values-ms/values.xml",
                    "from": {
                        "startLines": "4,5,6,7,8,9,10,11,12,13,14,15,16,17,18,19",
                        "startColumns": "0,0,0,0,0,0,0,0,0,0,0,0,0,0,0,0",
                        "startOffsets": "283,387,592,720,824,1055,1185,1317,1561,1668,1874,2007,2237,2438,2531,2621",
                        "endColumns": "103,204,127,103,230,129,131,243,106,205,132,229,200,92,89,107",
                        "endOffsets": "386,591,719,823,1054,1184,1316,1560,1667,1873,2006,2236,2437,2530,2620,2728"
                    },
                    "to": {
                        "startLines": "2,3,4,5,6,7,8,10,11,12,13,14,15,16,17,18",
                        "startColumns": "4,4,4,4,4,4,4,4,4,4,4,4,4,4,4,4",
                        "startOffsets": "105,213,418,550,658,889,1023,1364,1608,1719,1925,2062,2292,2497,2594,2688",
                        "endColumns": "107,204,131,107,230,133,135,243,110,205,136,229,204,96,93,111",
                        "endOffsets": "208,413,545,653,884,1018,1154,1603,1714,1920,2057,2287,2492,2589,2683,2795"
                    }
                }
            ]
        }
    ]
}