{
    "logs": [
        {
            "outputFile": "/Users/KAPIL/Desktop/TripLogger/app/build/intermediates/incremental/mergeDebugResources/merged.dir/values-bn-rBD/values-bn-rBD.xml",
            "map": [
                {
                    "source": "/Users/KAPIL/.gradle/caches/transforms-1/files-1.1/appcompat-v7-25.3.1.aar/3b099b4242a6e0bcbd38f380ab71a750/res/values-bn-rBD/values-bn-rBD.xml",
                    "from": {
                        "startLines": "2,3,4,5,6,7,8,9,10,11,12,13,14,15,16,17,18,19,20,21,22",
                        "startColumns": "4,4,4,4,4,4,4,4,4,4,4,4,4,4,4,4,4,4,4,4,4",
                        "startOffsets": "55,164,272,395,507,613,707,812,941,1019,1097,1184,1294,1410,1517,1627,1733,1846,1974,2079,2169",
                        "endColumns": "108,107,122,111,105,93,104,128,77,77,86,109,115,106,109,105,112,127,104,89,100",
                        "endOffsets": "159,267,390,502,608,702,807,936,1014,1092,1179,1289,1405,1512,1622,1728,1841,1969,2074,2164,2265"
                    }
                }
            ]
        }
    ]
}