{
    "logs": [
        {
            "outputFile": "/Users/KAPIL/Desktop/TripLogger/app/build/intermediates/incremental/mergeDebugResources/merged.dir/values-lo-rLA/values-lo-rLA.xml",
            "map": [
                {
                    "source": "/Users/KAPIL/.gradle/caches/transforms-1/files-1.1/appcompat-v7-25.3.1.aar/3b099b4242a6e0bcbd38f380ab71a750/res/values-lo-rLA/values-lo-rLA.xml",
                    "from": {
                        "startLines": "2,3,4,5,6,7,8,9,10,11,12,13,14,15,16,17,18,19,20,21,22",
                        "startColumns": "4,4,4,4,4,4,4,4,4,4,4,4,4,4,4,4,4,4,4,4,4",
                        "startOffsets": "55,158,266,389,486,593,678,783,895,972,1050,1130,1237,1334,1432,1537,1640,1744,1866,1962,2043",
                        "endColumns": "102,107,122,96,106,84,104,111,76,77,79,106,96,97,104,102,103,121,95,80,100",
                        "endOffsets": "153,261,384,481,588,673,778,890,967,1045,1125,1232,1329,1427,1532,1635,1739,1861,1957,2038,2139"
                    }
                }
            ]
        }
    ]
}