{
    "logs": [
        {
            "outputFile": "/Users/KAPIL/Desktop/TripLogger/app/build/intermediates/incremental/mergeDebugResources/merged.dir/values-zu/values-zu.xml",
            "map": [
                {
                    "source": "/Users/KAPIL/.gradle/caches/transforms-1/files-1.1/appcompat-v7-25.3.1.aar/3b099b4242a6e0bcbd38f380ab71a750/res/values-zu/values-zu.xml",
                    "from": {
                        "startLines": "2,3,4,5,6,7,8,9,10,11,12,13,14,15,16,17,18,19,20,21,22",
                        "startColumns": "4,4,4,4,4,4,4,4,4,4,4,4,4,4,4,4,4,4,4,4,4",
                        "startOffsets": "55,163,271,394,501,615,703,806,933,1013,1093,1179,1283,1389,1487,1594,1700,1806,1926,2022,2103",
                        "endColumns": "107,107,122,106,113,87,102,126,79,79,85,103,105,97,106,105,105,119,95,80,100",
                        "endOffsets": "158,266,389,496,610,698,801,928,1008,1088,1174,1278,1384,1482,1589,1695,1801,1921,2017,2098,2199"
                    },
                    "to": {
                        "startLines": "2,3,4,5,6,7,8,9,10,11,12,13,14,15,16,17,18,19,20,38,39",
                        "startColumns": "4,4,4,4,4,4,4,4,4,4,4,4,4,4,4,4,4,4,4,4,4",
                        "startOffsets": "105,213,321,444,551,665,753,856,983,1063,1143,1229,1333,1439,1537,1644,1750,1856,1976,4692,4773",
                        "endColumns": "107,107,122,106,113,87,102,126,79,79,85,103,105,97,106,105,105,119,95,80,100",
                        "endOffsets": "208,316,439,546,660,748,851,978,1058,1138,1224,1328,1434,1532,1639,1745,1851,1971,2067,4768,4869"
                    }
                },
                {
                    "source": "/Users/KAPIL/.gradle/caches/transforms-1/files-1.1/play-services-basement-11.0.4.aar/8d20eaf0785dc42b2ca660ab87eb1c23/res/values-zu/values.xml",
                    "from": {
                        "startLines": "4",
                        "startColumns": "0",
                        "startOffsets": "285",
                        "endColumns": "190",
                        "endOffsets": "475"
                    },
                    "to": {
                        "startLines": "28",
                        "startColumns": "4",
                        "startOffsets": "3133",
                        "endColumns": "190",
                        "endOffsets": "3319"
                    }
                },
                {
                    "source": "/Users/KAPIL/.gradle/caches/transforms-1/files-1.1/play-services-base-11.0.4.aar/5692b0b46a2e47e0c41ced148f3d8622/res/values-zu/values.xml",
                    "from": {
                        "startLines": "4,5,6,7,8,9,10,11,12,13,14,15,16,17,18,19",
                        "startColumns": "0,0,0,0,0,0,0,0,0,0,0,0,0,0,0,0",
                        "startOffsets": "283,392,600,733,835,1062,1189,1324,1543,1651,1847,1976,2193,2376,2463,2558",
                        "endColumns": "108,207,132,101,226,126,134,218,107,195,128,216,182,86,94,109",
                        "endOffsets": "391,599,732,834,1061,1188,1323,1542,1650,1846,1975,2192,2375,2462,2557,2667"
                    },
                    "to": {
                        "startLines": "21,22,23,24,25,26,27,29,30,31,32,33,34,35,36,37",
                        "startColumns": "4,4,4,4,4,4,4,4,4,4,4,4,4,4,4,4",
                        "startOffsets": "2072,2185,2393,2530,2636,2863,2994,3324,3543,3655,3851,3984,4201,4388,4479,4578",
                        "endColumns": "112,207,136,105,226,130,138,218,111,195,132,216,186,90,98,113",
                        "endOffsets": "2180,2388,2525,2631,2858,2989,3128,3538,3650,3846,3979,4196,4383,4474,4573,4687"
                    }
                }
            ]
        }
    ]
}