{
    "logs": [
        {
            "outputFile": "/Users/KAPIL/Desktop/TripLogger/app/build/intermediates/incremental/mergeDebugResources/merged.dir/values-lo/values-lo.xml",
            "map": [
                {
                    "source": "/Users/KAPIL/.gradle/caches/transforms-1/files-1.1/play-services-base-11.0.4.aar/5692b0b46a2e47e0c41ced148f3d8622/res/values-lo/values.xml",
                    "from": {
                        "startLines": "4,5,6,7,8,9,10,11,12,13,14,15,16,17,18,19",
                        "startColumns": "0,0,0,0,0,0,0,0,0,0,0,0,0,0,0,0",
                        "startOffsets": "283,389,591,719,824,1035,1158,1299,1510,1613,1810,1937,2167,2354,2448,2543",
                        "endColumns": "105,201,127,104,210,122,140,210,102,196,126,229,186,93,94,109",
                        "endOffsets": "388,590,718,823,1034,1157,1298,1509,1612,1809,1936,2166,2353,2447,2542,2652"
                    },
                    "to": {
                        "startLines": "2,3,4,5,6,7,8,10,11,12,13,14,15,16,17,18",
                        "startColumns": "4,4,4,4,4,4,4,4,4,4,4,4,4,4,4,4",
                        "startOffsets": "105,215,417,549,658,869,996,1332,1543,1650,1847,1978,2208,2399,2497,2596",
                        "endColumns": "109,201,131,108,210,126,144,210,106,196,130,229,190,97,98,113",
                        "endOffsets": "210,412,544,653,864,991,1136,1538,1645,1842,1973,2203,2394,2492,2591,2705"
                    }
                },
                {
                    "source": "/Users/KAPIL/.gradle/caches/transforms-1/files-1.1/play-services-basement-11.0.4.aar/8d20eaf0785dc42b2ca660ab87eb1c23/res/values-lo/values.xml",
                    "from": {
                        "startLines": "4",
                        "startColumns": "0",
                        "startOffsets": "285",
                        "endColumns": "190",
                        "endOffsets": "475"
                    },
                    "to": {
                        "startLines": "9",
                        "startColumns": "4",
                        "startOffsets": "1141",
                        "endColumns": "190",
                        "endOffsets": "1327"
                    }
                }
            ]
        }
    ]
}