{
    "logs": [
        {
            "outputFile": "/Users/KAPIL/Desktop/TripLogger/app/build/intermediates/incremental/mergeDebugResources/merged.dir/values-lt/values-lt.xml",
            "map": [
                {
                    "source": "/Users/KAPIL/.gradle/caches/transforms-1/files-1.1/play-services-base-11.0.4.aar/5692b0b46a2e47e0c41ced148f3d8622/res/values-lt/values.xml",
                    "from": {
                        "startLines": "4,5,6,7,8,9,10,11,12,13,14,15,16,17,18,19",
                        "startColumns": "0,0,0,0,0,0,0,0,0,0,0,0,0,0,0,0",
                        "startOffsets": "283,388,572,702,807,1019,1147,1278,1503,1610,1806,1938,2150,2326,2420,2512",
                        "endColumns": "104,183,129,104,211,127,130,224,106,195,131,211,175,93,91,114",
                        "endOffsets": "387,571,701,806,1018,1146,1277,1502,1609,1805,1937,2149,2325,2419,2511,2626"
                    },
                    "to": {
                        "startLines": "21,22,23,24,25,26,27,29,30,31,32,33,34,35,36,37",
                        "startColumns": "4,4,4,4,4,4,4,4,4,4,4,4,4,4,4,4",
                        "startOffsets": "2107,2216,2400,2534,2643,2855,2987,3340,3565,3676,3872,4008,4220,4400,4498,4594",
                        "endColumns": "108,183,133,108,211,131,134,224,110,195,135,211,179,97,95,118",
                        "endOffsets": "2211,2395,2529,2638,2850,2982,3117,3560,3671,3867,4003,4215,4395,4493,4589,4708"
                    }
                },
                {
                    "source": "/Users/KAPIL/.gradle/caches/transforms-1/files-1.1/play-services-basement-11.0.4.aar/8d20eaf0785dc42b2ca660ab87eb1c23/res/values-lt/values.xml",
                    "from": {
                        "startLines": "4",
                        "startColumns": "0",
                        "startOffsets": "285",
                        "endColumns": "217",
                        "endOffsets": "502"
                    },
                    "to": {
                        "startLines": "28",
                        "startColumns": "4",
                        "startOffsets": "3122",
                        "endColumns": "217",
                        "endOffsets": "3335"
                    }
                },
                {
                    "source": "/Users/KAPIL/.gradle/caches/transforms-1/files-1.1/appcompat-v7-25.3.1.aar/3b099b4242a6e0bcbd38f380ab71a750/res/values-lt/values-lt.xml",
                    "from": {
                        "startLines": "2,3,4,5,6,7,8,9,10,11,12,13,14,15,16,17,18,19,20,21,22",
                        "startColumns": "4,4,4,4,4,4,4,4,4,4,4,4,4,4,4,4,4,4,4,4,4",
                        "startOffsets": "55,171,279,402,503,616,703,812,933,1015,1096,1181,1290,1399,1499,1609,1713,1826,1956,2057,2140",
                        "endColumns": "115,107,122,100,112,86,108,120,81,80,84,108,108,99,109,103,112,129,100,82,100",
                        "endOffsets": "166,274,397,498,611,698,807,928,1010,1091,1176,1285,1394,1494,1604,1708,1821,1951,2052,2135,2236"
                    },
                    "to": {
                        "startLines": "2,3,4,5,6,7,8,9,10,11,12,13,14,15,16,17,18,19,20,38,39",
                        "startColumns": "4,4,4,4,4,4,4,4,4,4,4,4,4,4,4,4,4,4,4,4,4",
                        "startOffsets": "105,221,329,452,553,666,753,862,983,1065,1146,1231,1340,1449,1549,1659,1763,1876,2006,4713,4796",
                        "endColumns": "115,107,122,100,112,86,108,120,81,80,84,108,108,99,109,103,112,129,100,82,100",
                        "endOffsets": "216,324,447,548,661,748,857,978,1060,1141,1226,1335,1444,1544,1654,1758,1871,2001,2102,4791,4892"
                    }
                }
            ]
        }
    ]
}