{
    "logs": [
        {
            "outputFile": "/Users/KAPIL/Desktop/TripLogger/app/build/intermediates/incremental/mergeDebugResources/merged.dir/values-is/values-is.xml",
            "map": [
                {
                    "source": "/Users/KAPIL/.gradle/caches/transforms-1/files-1.1/play-services-basement-11.0.4.aar/8d20eaf0785dc42b2ca660ab87eb1c23/res/values-is/values.xml",
                    "from": {
                        "startLines": "4",
                        "startColumns": "0",
                        "startOffsets": "285",
                        "endColumns": "187",
                        "endOffsets": "472"
                    },
                    "to": {
                        "startLines": "9",
                        "startColumns": "4",
                        "startOffsets": "1098",
                        "endColumns": "187",
                        "endOffsets": "1281"
                    }
                },
                {
                    "source": "/Users/KAPIL/.gradle/caches/transforms-1/files-1.1/play-services-base-11.0.4.aar/5692b0b46a2e47e0c41ced148f3d8622/res/values-is/values.xml",
                    "from": {
                        "startLines": "4,5,6,7,8,9,10,11,12,13,14,15,16,17,18,19",
                        "startColumns": "0,0,0,0,0,0,0,0,0,0,0,0,0,0,0,0",
                        "startOffsets": "283,387,573,696,803,1003,1126,1256,1469,1573,1761,1885,2086,2266,2356,2445",
                        "endColumns": "103,185,122,106,199,122,129,212,103,187,123,200,179,89,88,103",
                        "endOffsets": "386,572,695,802,1002,1125,1255,1468,1572,1760,1884,2085,2265,2355,2444,2548"
                    },
                    "to": {
                        "startLines": "2,3,4,5,6,7,8,10,11,12,13,14,15,16,17,18",
                        "startColumns": "4,4,4,4,4,4,4,4,4,4,4,4,4,4,4,4",
                        "startOffsets": "105,213,399,526,637,837,964,1286,1499,1607,1795,1923,2124,2308,2402,2495",
                        "endColumns": "107,185,126,110,199,126,133,212,107,187,127,200,183,93,92,107",
                        "endOffsets": "208,394,521,632,832,959,1093,1494,1602,1790,1918,2119,2303,2397,2490,2598"
                    }
                }
            ]
        }
    ]
}