{
    "logs": [
        {
            "outputFile": "/Users/KAPIL/Desktop/TripLogger/app/build/intermediates/incremental/mergeDebugResources/merged.dir/values-mr/values-mr.xml",
            "map": [
                {
                    "source": "/Users/KAPIL/.gradle/caches/transforms-1/files-1.1/play-services-base-11.0.4.aar/5692b0b46a2e47e0c41ced148f3d8622/res/values-mr/values.xml",
                    "from": {
                        "startLines": "4,5,6,7,8,9,10,11,12,13,14,15,16,17,18,19",
                        "startColumns": "0,0,0,0,0,0,0,0,0,0,0,0,0,0,0,0",
                        "startOffsets": "283,389,585,707,817,1021,1140,1265,1473,1582,1767,1892,2093,2275,2361,2453",
                        "endColumns": "105,195,121,109,203,118,124,207,108,184,124,200,181,85,91,105",
                        "endOffsets": "388,584,706,816,1020,1139,1264,1472,1581,1766,1891,2092,2274,2360,2452,2558"
                    },
                    "to": {
                        "startLines": "2,3,4,5,6,7,8,10,11,12,13,14,15,16,17,18",
                        "startColumns": "4,4,4,4,4,4,4,4,4,4,4,4,4,4,4,4",
                        "startOffsets": "105,215,411,537,651,855,978,1309,1517,1630,1815,1944,2145,2331,2421,2517",
                        "endColumns": "109,195,125,113,203,122,128,207,112,184,128,200,185,89,95,109",
                        "endOffsets": "210,406,532,646,850,973,1102,1512,1625,1810,1939,2140,2326,2416,2512,2622"
                    }
                },
                {
                    "source": "/Users/KAPIL/.gradle/caches/transforms-1/files-1.1/play-services-basement-11.0.4.aar/8d20eaf0785dc42b2ca660ab87eb1c23/res/values-mr/values.xml",
                    "from": {
                        "startLines": "4",
                        "startColumns": "0",
                        "startOffsets": "285",
                        "endColumns": "201",
                        "endOffsets": "486"
                    },
                    "to": {
                        "startLines": "9",
                        "startColumns": "4",
                        "startOffsets": "1107",
                        "endColumns": "201",
                        "endOffsets": "1304"
                    }
                }
            ]
        }
    ]
}