{
    "logs": [
        {
            "outputFile": "/Users/KAPIL/Desktop/TripLogger/app/build/intermediates/incremental/mergeDebugResources/merged.dir/values-nb/values-nb.xml",
            "map": [
                {
                    "source": "/Users/KAPIL/.gradle/caches/transforms-1/files-1.1/play-services-base-11.0.4.aar/5692b0b46a2e47e0c41ced148f3d8622/res/values-nb/values.xml",
                    "from": {
                        "startLines": "4,5,6,7,8,9,10,11,12,13,14,15,16,17,18,19",
                        "startColumns": "0,0,0,0,0,0,0,0,0,0,0,0,0,0,0,0",
                        "startOffsets": "283,386,577,701,808,1023,1151,1279,1492,1597,1789,1915,2116,2318,2411,2499",
                        "endColumns": "102,190,123,106,214,127,127,212,104,191,125,200,201,92,87,102",
                        "endOffsets": "385,576,700,807,1022,1150,1278,1491,1596,1788,1914,2115,2317,2410,2498,2601"
                    },
                    "to": {
                        "startLines": "21,22,23,24,25,26,27,29,30,31,32,33,34,35,36,37",
                        "startColumns": "4,4,4,4,4,4,4,4,4,4,4,4,4,4,4,4",
                        "startOffsets": "2001,2108,2299,2427,2538,2753,2885,3206,3419,3528,3720,3850,4051,4257,4354,4446",
                        "endColumns": "106,190,127,110,214,131,131,212,108,191,129,200,205,96,91,106",
                        "endOffsets": "2103,2294,2422,2533,2748,2880,3012,3414,3523,3715,3845,4046,4252,4349,4441,4548"
                    }
                },
                {
                    "source": "/Users/KAPIL/.gradle/caches/transforms-1/files-1.1/play-services-basement-11.0.4.aar/8d20eaf0785dc42b2ca660ab87eb1c23/res/values-nb/values.xml",
                    "from": {
                        "startLines": "4",
                        "startColumns": "0",
                        "startOffsets": "285",
                        "endColumns": "188",
                        "endOffsets": "473"
                    },
                    "to": {
                        "startLines": "28",
                        "startColumns": "4",
                        "startOffsets": "3017",
                        "endColumns": "188",
                        "endOffsets": "3201"
                    }
                },
                {
                    "source": "/Users/KAPIL/.gradle/caches/transforms-1/files-1.1/appcompat-v7-25.3.1.aar/3b099b4242a6e0bcbd38f380ab71a750/res/values-nb/values-nb.xml",
                    "from": {
                        "startLines": "2,3,4,5,6,7,8,9,10,11,12,13,14,15,16,17,18,19,20,21,22",
                        "startColumns": "4,4,4,4,4,4,4,4,4,4,4,4,4,4,4,4,4,4,4,4,4",
                        "startOffsets": "55,163,272,397,492,606,692,792,905,981,1057,1137,1240,1339,1435,1539,1637,1738,1854,1951,2030",
                        "endColumns": "107,108,124,94,113,85,99,112,75,75,79,102,98,95,103,97,100,115,96,78,100",
                        "endOffsets": "158,267,392,487,601,687,787,900,976,1052,1132,1235,1334,1430,1534,1632,1733,1849,1946,2025,2126"
                    },
                    "to": {
                        "startLines": "2,3,4,5,6,7,8,9,10,11,12,13,14,15,16,17,18,19,20,38,39",
                        "startColumns": "4,4,4,4,4,4,4,4,4,4,4,4,4,4,4,4,4,4,4,4,4",
                        "startOffsets": "105,213,322,447,542,656,742,842,955,1031,1107,1187,1290,1389,1485,1589,1687,1788,1904,4553,4632",
                        "endColumns": "107,108,124,94,113,85,99,112,75,75,79,102,98,95,103,97,100,115,96,78,100",
                        "endOffsets": "208,317,442,537,651,737,837,950,1026,1102,1182,1285,1384,1480,1584,1682,1783,1899,1996,4627,4728"
                    }
                }
            ]
        }
    ]
}