{
    "logs": [
        {
            "outputFile": "/Users/KAPIL/Desktop/TripLogger/app/build/intermediates/incremental/mergeDebugResources/merged.dir/values-ko/values-ko.xml",
            "map": [
                {
                    "source": "/Users/KAPIL/.gradle/caches/transforms-1/files-1.1/play-services-base-11.0.4.aar/5692b0b46a2e47e0c41ced148f3d8622/res/values-ko/values.xml",
                    "from": {
                        "startLines": "4,5,6,7,8,9,10,11,12,13,14,15,16,17,18,19",
                        "startColumns": "0,0,0,0,0,0,0,0,0,0,0,0,0,0,0,0",
                        "startOffsets": "283,385,556,670,770,944,1059,1179,1383,1484,1651,1767,1944,2089,2174,2258",
                        "endColumns": "101,170,113,99,173,114,119,203,100,166,115,176,144,84,83,99",
                        "endOffsets": "384,555,669,769,943,1058,1178,1382,1483,1650,1766,1943,2088,2173,2257,2357"
                    },
                    "to": {
                        "startLines": "21,22,23,24,25,26,27,29,30,31,32,33,34,35,36,37",
                        "startColumns": "4,4,4,4,4,4,4,4,4,4,4,4,4,4,4,4",
                        "startOffsets": "1940,2046,2217,2335,2439,2613,2732,3036,3240,3345,3512,3632,3809,3958,4047,4135",
                        "endColumns": "105,170,117,103,173,118,123,203,104,166,119,176,148,88,87,103",
                        "endOffsets": "2041,2212,2330,2434,2608,2727,2851,3235,3340,3507,3627,3804,3953,4042,4130,4234"
                    }
                },
                {
                    "source": "/Users/KAPIL/.gradle/caches/transforms-1/files-1.1/appcompat-v7-25.3.1.aar/3b099b4242a6e0bcbd38f380ab71a750/res/values-ko/values-ko.xml",
                    "from": {
                        "startLines": "2,3,4,5,6,7,8,9,10,11,12,13,14,15,16,17,18,19,20,21,22",
                        "startColumns": "4,4,4,4,4,4,4,4,4,4,4,4,4,4,4,4,4,4,4,4,4",
                        "startOffsets": "55,150,258,381,475,577,659,757,863,942,1018,1098,1196,1291,1386,1486,1582,1681,1796,1890,1968",
                        "endColumns": "94,107,122,93,101,81,97,105,78,75,79,97,94,94,99,95,98,114,93,77,100",
                        "endOffsets": "145,253,376,470,572,654,752,858,937,1013,1093,1191,1286,1381,1481,1577,1676,1791,1885,1963,2064"
                    },
                    "to": {
                        "startLines": "2,3,4,5,6,7,8,9,10,11,12,13,14,15,16,17,18,19,20,38,39",
                        "startColumns": "4,4,4,4,4,4,4,4,4,4,4,4,4,4,4,4,4,4,4,4,4",
                        "startOffsets": "105,200,308,431,525,627,709,807,913,992,1068,1148,1246,1341,1436,1536,1632,1731,1846,4239,4317",
                        "endColumns": "94,107,122,93,101,81,97,105,78,75,79,97,94,94,99,95,98,114,93,77,100",
                        "endOffsets": "195,303,426,520,622,704,802,908,987,1063,1143,1241,1336,1431,1531,1627,1726,1841,1935,4312,4413"
                    }
                },
                {
                    "source": "/Users/KAPIL/.gradle/caches/transforms-1/files-1.1/play-services-basement-11.0.4.aar/8d20eaf0785dc42b2ca660ab87eb1c23/res/values-ko/values.xml",
                    "from": {
                        "startLines": "4",
                        "startColumns": "0",
                        "startOffsets": "285",
                        "endColumns": "179",
                        "endOffsets": "464"
                    },
                    "to": {
                        "startLines": "28",
                        "startColumns": "4",
                        "startOffsets": "2856",
                        "endColumns": "179",
                        "endOffsets": "3031"
                    }
                }
            ]
        }
    ]
}