{
    "logs": [
        {
            "outputFile": "/Users/KAPIL/Desktop/TripLogger/app/build/intermediates/incremental/mergeDebugResources/merged.dir/values-th/values-th.xml",
            "map": [
                {
                    "source": "/Users/KAPIL/.gradle/caches/transforms-1/files-1.1/play-services-basement-11.0.4.aar/8d20eaf0785dc42b2ca660ab87eb1c23/res/values-th/values.xml",
                    "from": {
                        "startLines": "4",
                        "startColumns": "0",
                        "startOffsets": "285",
                        "endColumns": "187",
                        "endOffsets": "472"
                    },
                    "to": {
                        "startLines": "28",
                        "startColumns": "4",
                        "startOffsets": "2998",
                        "endColumns": "187",
                        "endOffsets": "3181"
                    }
                },
                {
                    "source": "/Users/KAPIL/.gradle/caches/transforms-1/files-1.1/appcompat-v7-25.3.1.aar/3b099b4242a6e0bcbd38f380ab71a750/res/values-th/values-th.xml",
                    "from": {
                        "startLines": "2,3,4,5,6,7,8,9,10,11,12,13,14,15,16,17,18,19,20,21,22",
                        "startColumns": "4,4,4,4,4,4,4,4,4,4,4,4,4,4,4,4,4,4,4,4,4",
                        "startOffsets": "55,160,268,391,489,597,686,788,898,975,1053,1134,1242,1346,1444,1552,1657,1758,1874,1969,2050",
                        "endColumns": "104,107,122,97,107,88,101,109,76,77,80,107,103,97,107,104,100,115,94,80,100",
                        "endOffsets": "155,263,386,484,592,681,783,893,970,1048,1129,1237,1341,1439,1547,1652,1753,1869,1964,2045,2146"
                    },
                    "to": {
                        "startLines": "2,3,4,5,6,7,8,9,10,11,12,13,14,15,16,17,18,19,20,38,39",
                        "startColumns": "4,4,4,4,4,4,4,4,4,4,4,4,4,4,4,4,4,4,4,4,4",
                        "startOffsets": "105,210,318,441,539,647,736,838,948,1025,1103,1184,1292,1396,1494,1602,1707,1808,1924,4483,4564",
                        "endColumns": "104,107,122,97,107,88,101,109,76,77,80,107,103,97,107,104,100,115,94,80,100",
                        "endOffsets": "205,313,436,534,642,731,833,943,1020,1098,1179,1287,1391,1489,1597,1702,1803,1919,2014,4559,4660"
                    }
                },
                {
                    "source": "/Users/KAPIL/.gradle/caches/transforms-1/files-1.1/play-services-base-11.0.4.aar/5692b0b46a2e47e0c41ced148f3d8622/res/values-th/values.xml",
                    "from": {
                        "startLines": "4,5,6,7,8,9,10,11,12,13,14,15,16,17,18,19",
                        "startColumns": "0,0,0,0,0,0,0,0,0,0,0,0,0,0,0,0",
                        "startOffsets": "283,387,566,687,792,987,1109,1242,1445,1548,1726,1846,2045,2222,2312,2406",
                        "endColumns": "103,178,120,104,194,121,132,202,102,177,119,198,176,89,93,108",
                        "endOffsets": "386,565,686,791,986,1108,1241,1444,1547,1725,1845,2044,2221,2311,2405,2514"
                    },
                    "to": {
                        "startLines": "21,22,23,24,25,26,27,29,30,31,32,33,34,35,36,37",
                        "startColumns": "4,4,4,4,4,4,4,4,4,4,4,4,4,4,4,4",
                        "startOffsets": "2019,2127,2306,2431,2540,2735,2861,3186,3389,3496,3674,3798,3997,4178,4272,4370",
                        "endColumns": "107,178,124,108,194,125,136,202,106,177,123,198,180,93,97,112",
                        "endOffsets": "2122,2301,2426,2535,2730,2856,2993,3384,3491,3669,3793,3992,4173,4267,4365,4478"
                    }
                }
            ]
        }
    ]
}