{
    "logs": [
        {
            "outputFile": "/Users/KAPIL/Desktop/TripLogger/app/build/intermediates/incremental/mergeDebugResources/merged.dir/values-ar/values-ar.xml",
            "map": [
                {
                    "source": "/Users/KAPIL/.gradle/caches/transforms-1/files-1.1/appcompat-v7-25.3.1.aar/3b099b4242a6e0bcbd38f380ab71a750/res/values-ar/values-ar.xml",
                    "from": {
                        "startLines": "2,3,4,5,6,7,8,9,10,11,12,13,14,15,16,17,18,19,20,21,22",
                        "startColumns": "4,4,4,4,4,4,4,4,4,4,4,4,4,4,4,4,4,4,4,4,4",
                        "startOffsets": "55,172,280,403,507,616,698,799,913,992,1071,1150,1255,1356,1452,1560,1663,1766,1885,1982,2063",
                        "endColumns": "116,107,122,103,108,81,100,113,78,78,78,104,100,95,107,102,102,118,96,80,100",
                        "endOffsets": "167,275,398,502,611,693,794,908,987,1066,1145,1250,1351,1447,1555,1658,1761,1880,1977,2058,2159"
                    },
                    "to": {
                        "startLines": "2,3,4,5,6,7,8,9,10,11,12,13,14,15,16,17,18,19,20,38,39",
                        "startColumns": "4,4,4,4,4,4,4,4,4,4,4,4,4,4,4,4,4,4,4,4,4",
                        "startOffsets": "105,222,330,453,557,666,748,849,963,1042,1121,1200,1305,1406,1502,1610,1713,1816,1935,4477,4558",
                        "endColumns": "116,107,122,103,108,81,100,113,78,78,78,104,100,95,107,102,102,118,96,80,100",
                        "endOffsets": "217,325,448,552,661,743,844,958,1037,1116,1195,1300,1401,1497,1605,1708,1811,1930,2027,4553,4654"
                    }
                },
                {
                    "source": "/Users/KAPIL/.gradle/caches/transforms-1/files-1.1/play-services-base-11.0.4.aar/5692b0b46a2e47e0c41ced148f3d8622/res/values-ar/values.xml",
                    "from": {
                        "startLines": "4,5,6,7,8,9,10,11,12,13,14,15,16,17,18,19",
                        "startColumns": "0,0,0,0,0,0,0,0,0,0,0,0,0,0,0,0",
                        "startOffsets": "283,385,561,681,784,981,1107,1234,1430,1532,1713,1833,2031,2203,2293,2385",
                        "endColumns": "101,175,119,102,196,125,126,195,101,180,119,197,171,89,91,108",
                        "endOffsets": "384,560,680,783,980,1106,1233,1429,1531,1712,1832,2030,2202,2292,2384,2493"
                    },
                    "to": {
                        "startLines": "21,22,23,24,25,26,27,29,30,31,32,33,34,35,36,37",
                        "startColumns": "4,4,4,4,4,4,4,4,4,4,4,4,4,4,4,4",
                        "startOffsets": "2032,2138,2314,2438,2545,2742,2872,3193,3389,3495,3676,3800,3998,4174,4268,4364",
                        "endColumns": "105,175,123,106,196,129,130,195,105,180,123,197,175,93,95,112",
                        "endOffsets": "2133,2309,2433,2540,2737,2867,2998,3384,3490,3671,3795,3993,4169,4263,4359,4472"
                    }
                },
                {
                    "source": "/Users/KAPIL/.gradle/caches/transforms-1/files-1.1/play-services-basement-11.0.4.aar/8d20eaf0785dc42b2ca660ab87eb1c23/res/values-ar/values.xml",
                    "from": {
                        "startLines": "4",
                        "startColumns": "0",
                        "startOffsets": "285",
                        "endColumns": "189",
                        "endOffsets": "474"
                    },
                    "to": {
                        "startLines": "28",
                        "startColumns": "4",
                        "startOffsets": "3003",
                        "endColumns": "189",
                        "endOffsets": "3188"
                    }
                }
            ]
        }
    ]
}