{
    "logs": [
        {
            "outputFile": "/Users/KAPIL/Desktop/TripLogger/app/build/intermediates/incremental/mergeDebugResources/merged.dir/values-in/values-in.xml",
            "map": [
                {
                    "source": "/Users/KAPIL/.gradle/caches/transforms-1/files-1.1/play-services-base-11.0.4.aar/5692b0b46a2e47e0c41ced148f3d8622/res/values-in/values.xml",
                    "from": {
                        "startLines": "4,5,6,7,8,9,10,11,12,13,14,15,16,17,18,19",
                        "startColumns": "0,0,0,0,0,0,0,0,0,0,0,0,0,0,0,0",
                        "startOffsets": "283,388,584,708,812,1026,1151,1282,1507,1612,1807,1931,2145,2315,2405,2491",
                        "endColumns": "104,195,123,103,213,124,130,224,104,194,123,213,169,89,85,103",
                        "endOffsets": "387,583,707,811,1025,1150,1281,1506,1611,1806,1930,2144,2314,2404,2490,2594"
                    },
                    "to": {
                        "startLines": "21,22,23,24,25,26,27,29,30,31,32,33,34,35,36,37",
                        "startColumns": "4,4,4,4,4,4,4,4,4,4,4,4,4,4,4,4",
                        "startOffsets": "2062,2171,2367,2495,2603,2817,2946,3272,3497,3606,3801,3929,4143,4317,4411,4501",
                        "endColumns": "108,195,127,107,213,128,134,224,108,194,127,213,173,93,89,107",
                        "endOffsets": "2166,2362,2490,2598,2812,2941,3076,3492,3601,3796,3924,4138,4312,4406,4496,4604"
                    }
                },
                {
                    "source": "/Users/KAPIL/.gradle/caches/transforms-1/files-1.1/play-services-basement-11.0.4.aar/8d20eaf0785dc42b2ca660ab87eb1c23/res/values-in/values.xml",
                    "from": {
                        "startLines": "4",
                        "startColumns": "0",
                        "startOffsets": "285",
                        "endColumns": "190",
                        "endOffsets": "475"
                    },
                    "to": {
                        "startLines": "28",
                        "startColumns": "4",
                        "startOffsets": "3081",
                        "endColumns": "190",
                        "endOffsets": "3267"
                    }
                },
                {
                    "source": "/Users/KAPIL/.gradle/caches/transforms-1/files-1.1/appcompat-v7-25.3.1.aar/3b099b4242a6e0bcbd38f380ab71a750/res/values-in/values-in.xml",
                    "from": {
                        "startLines": "2,3,4,5,6,7,8,9,10,11,12,13,14,15,16,17,18,19,20,21,22",
                        "startColumns": "4,4,4,4,4,4,4,4,4,4,4,4,4,4,4,4,4,4,4,4,4",
                        "startOffsets": "55,165,273,396,498,603,690,794,910,992,1071,1157,1260,1369,1470,1574,1682,1790,1913,2012,2096",
                        "endColumns": "109,107,122,101,104,86,103,115,81,78,85,102,108,100,103,107,107,122,98,83,100",
                        "endOffsets": "160,268,391,493,598,685,789,905,987,1066,1152,1255,1364,1465,1569,1677,1785,1908,2007,2091,2192"
                    },
                    "to": {
                        "startLines": "2,3,4,5,6,7,8,9,10,11,12,13,14,15,16,17,18,19,20,38,39",
                        "startColumns": "4,4,4,4,4,4,4,4,4,4,4,4,4,4,4,4,4,4,4,4,4",
                        "startOffsets": "105,215,323,446,548,653,740,844,960,1042,1121,1207,1310,1419,1520,1624,1732,1840,1963,4609,4693",
                        "endColumns": "109,107,122,101,104,86,103,115,81,78,85,102,108,100,103,107,107,122,98,83,100",
                        "endOffsets": "210,318,441,543,648,735,839,955,1037,1116,1202,1305,1414,1515,1619,1727,1835,1958,2057,4688,4789"
                    }
                }
            ]
        }
    ]
}