{
    "logs": [
        {
            "outputFile": "/Users/KAPIL/Desktop/TripLogger/app/build/intermediates/incremental/mergeDebugResources/merged.dir/values-my-rMM/values-my-rMM.xml",
            "map": [
                {
                    "source": "/Users/KAPIL/.gradle/caches/transforms-1/files-1.1/appcompat-v7-25.3.1.aar/3b099b4242a6e0bcbd38f380ab71a750/res/values-my-rMM/values-my-rMM.xml",
                    "from": {
                        "startLines": "2,3,4,5,6,7,8,9,10,11,12,13,14,15,16,17,18,19,20,21,22",
                        "startColumns": "4,4,4,4,4,4,4,4,4,4,4,4,4,4,4,4,4,4,4,4,4",
                        "startOffsets": "55,164,272,397,502,619,712,824,952,1030,1109,1195,1318,1430,1532,1658,1769,1879,2002,2102,2186",
                        "endColumns": "108,107,124,104,116,92,111,127,77,78,85,122,111,101,125,110,109,122,99,83,100",
                        "endOffsets": "159,267,392,497,614,707,819,947,1025,1104,1190,1313,1425,1527,1653,1764,1874,1997,2097,2181,2282"
                    }
                }
            ]
        }
    ]
}