{
    "logs": [
        {
            "outputFile": "/Users/KAPIL/Desktop/TripLogger/app/build/intermediates/incremental/mergeDebugResources/merged.dir/values-sq/values-sq.xml",
            "map": [
                {
                    "source": "/Users/KAPIL/.gradle/caches/transforms-1/files-1.1/play-services-base-11.0.4.aar/5692b0b46a2e47e0c41ced148f3d8622/res/values-sq/values.xml",
                    "from": {
                        "startLines": "4,5,6,7,8,9,10,11,12,13,14,15,16,17,18,19",
                        "startColumns": "0,0,0,0,0,0,0,0,0,0,0,0,0,0,0,0",
                        "startOffsets": "283,388,593,728,833,1053,1185,1326,1555,1661,1867,2003,2231,2441,2532,2625",
                        "endColumns": "104,204,134,104,219,131,140,228,105,205,135,227,209,90,92,106",
                        "endOffsets": "387,592,727,832,1052,1184,1325,1554,1660,1866,2002,2230,2440,2531,2624,2731"
                    },
                    "to": {
                        "startLines": "2,3,4,5,6,7,8,10,11,12,13,14,15,16,17,18",
                        "startColumns": "4,4,4,4,4,4,4,4,4,4,4,4,4,4,4,4",
                        "startOffsets": "105,214,419,558,667,887,1023,1356,1585,1695,1901,2041,2269,2483,2578,2675",
                        "endColumns": "108,204,138,108,219,135,144,228,109,205,139,227,213,94,96,110",
                        "endOffsets": "209,414,553,662,882,1018,1163,1580,1690,1896,2036,2264,2478,2573,2670,2781"
                    }
                },
                {
                    "source": "/Users/KAPIL/.gradle/caches/transforms-1/files-1.1/play-services-basement-11.0.4.aar/8d20eaf0785dc42b2ca660ab87eb1c23/res/values-sq/values.xml",
                    "from": {
                        "startLines": "4",
                        "startColumns": "0",
                        "startOffsets": "285",
                        "endColumns": "187",
                        "endOffsets": "472"
                    },
                    "to": {
                        "startLines": "9",
                        "startColumns": "4",
                        "startOffsets": "1168",
                        "endColumns": "187",
                        "endOffsets": "1351"
                    }
                }
            ]
        }
    ]
}