{
    "logs": [
        {
            "outputFile": "/Users/KAPIL/Desktop/TripLogger/app/build/intermediates/incremental/mergeDebugResources/merged.dir/values-am/values-am.xml",
            "map": [
                {
                    "source": "/Users/KAPIL/.gradle/caches/transforms-1/files-1.1/appcompat-v7-25.3.1.aar/3b099b4242a6e0bcbd38f380ab71a750/res/values-am/values-am.xml",
                    "from": {
                        "startLines": "2,3,4,5,6,7,8,9,10,11,12,13,14,15,16,17,18,19,20,21,22",
                        "startColumns": "4,4,4,4,4,4,4,4,4,4,4,4,4,4,4,4,4,4,4,4,4",
                        "startOffsets": "55,157,265,388,487,593,679,782,895,973,1051,1130,1230,1330,1426,1529,1628,1735,1851,1947,2026",
                        "endColumns": "101,107,122,98,105,85,102,112,77,77,78,99,99,95,102,98,106,115,95,78,100",
                        "endOffsets": "152,260,383,482,588,674,777,890,968,1046,1125,1225,1325,1421,1524,1623,1730,1846,1942,2021,2122"
                    },
                    "to": {
                        "startLines": "2,3,4,5,6,7,8,9,10,11,12,13,14,15,16,17,18,19,20,38,39",
                        "startColumns": "4,4,4,4,4,4,4,4,4,4,4,4,4,4,4,4,4,4,4,4,4",
                        "startOffsets": "105,207,315,438,537,643,729,832,945,1023,1101,1180,1280,1380,1476,1579,1678,1785,1901,4354,4433",
                        "endColumns": "101,107,122,98,105,85,102,112,77,77,78,99,99,95,102,98,106,115,95,78,100",
                        "endOffsets": "202,310,433,532,638,724,827,940,1018,1096,1175,1275,1375,1471,1574,1673,1780,1896,1992,4428,4529"
                    }
                },
                {
                    "source": "/Users/KAPIL/.gradle/caches/transforms-1/files-1.1/play-services-base-11.0.4.aar/5692b0b46a2e47e0c41ced148f3d8622/res/values-am/values.xml",
                    "from": {
                        "startLines": "4,5,6,7,8,9,10,11,12,13,14,15,16,17,18,19",
                        "startColumns": "0,0,0,0,0,0,0,0,0,0,0,0,0,0,0,0",
                        "startOffsets": "283,383,554,674,774,960,1081,1208,1395,1496,1672,1793,1987,2140,2226,2309",
                        "endColumns": "99,170,119,99,185,120,126,186,100,175,120,193,152,85,82,95",
                        "endOffsets": "382,553,673,773,959,1080,1207,1394,1495,1671,1792,1986,2139,2225,2308,2404"
                    },
                    "to": {
                        "startLines": "21,22,23,24,25,26,27,29,30,31,32,33,34,35,36,37",
                        "startColumns": "4,4,4,4,4,4,4,4,4,4,4,4,4,4,4,4",
                        "startOffsets": "1997,2101,2272,2396,2500,2686,2811,3133,3320,3425,3601,3726,3920,4077,4167,4254",
                        "endColumns": "103,170,123,103,185,124,130,186,104,175,124,193,156,89,86,99",
                        "endOffsets": "2096,2267,2391,2495,2681,2806,2937,3315,3420,3596,3721,3915,4072,4162,4249,4349"
                    }
                },
                {
                    "source": "/Users/KAPIL/.gradle/caches/transforms-1/files-1.1/play-services-basement-11.0.4.aar/8d20eaf0785dc42b2ca660ab87eb1c23/res/values-am/values.xml",
                    "from": {
                        "startLines": "4",
                        "startColumns": "0",
                        "startOffsets": "285",
                        "endColumns": "190",
                        "endOffsets": "475"
                    },
                    "to": {
                        "startLines": "28",
                        "startColumns": "4",
                        "startOffsets": "2942",
                        "endColumns": "190",
                        "endOffsets": "3128"
                    }
                }
            ]
        }
    ]
}