{
    "logs": [
        {
            "outputFile": "/Users/KAPIL/Desktop/TripLogger/app/build/intermediates/incremental/mergeDebugResources/merged.dir/values-v12/values-v12.xml",
            "map": [
                {
                    "source": "/Users/KAPIL/.gradle/caches/transforms-1/files-1.1/appcompat-v7-25.3.1.aar/3b099b4242a6e0bcbd38f380ab71a750/res/values-v12/values-v12.xml",
                    "from": {
                        "startLines": "2,5,8,9",
                        "startColumns": "4,4,4,4",
                        "startOffsets": "55,279,479,598",
                        "endLines": "4,7,8,9",
                        "endColumns": "12,12,118,94",
                        "endOffsets": "274,474,593,688"
                    }
                }
            ]
        }
    ]
}