{
    "logs": [
        {
            "outputFile": "/Users/KAPIL/Desktop/TripLogger/app/build/intermediates/incremental/mergeDebugResources/merged.dir/values-nl/values-nl.xml",
            "map": [
                {
                    "source": "/Users/KAPIL/.gradle/caches/transforms-1/files-1.1/play-services-base-11.0.4.aar/5692b0b46a2e47e0c41ced148f3d8622/res/values-nl/values.xml",
                    "from": {
                        "startLines": "4,5,6,7,8,9,10,11,12,13,14,15,16,17,18,19",
                        "startColumns": "0,0,0,0,0,0,0,0,0,0,0,0,0,0,0,0",
                        "startOffsets": "283,391,578,706,815,1041,1166,1297,1534,1638,1838,1962,2184,2392,2486,2575",
                        "endColumns": "107,186,127,108,225,124,130,236,103,199,123,221,207,93,88,103",
                        "endOffsets": "390,577,705,814,1040,1165,1296,1533,1637,1837,1961,2183,2391,2485,2574,2678"
                    },
                    "to": {
                        "startLines": "21,22,23,24,25,26,27,29,30,31,32,33,34,35,36,37",
                        "startColumns": "4,4,4,4,4,4,4,4,4,4,4,4,4,4,4,4",
                        "startOffsets": "2082,2194,2381,2513,2626,2852,2981,3318,3555,3663,3863,3991,4213,4425,4523,4616",
                        "endColumns": "111,186,131,112,225,128,134,236,107,199,127,221,211,97,92,107",
                        "endOffsets": "2189,2376,2508,2621,2847,2976,3111,3550,3658,3858,3986,4208,4420,4518,4611,4719"
                    }
                },
                {
                    "source": "/Users/KAPIL/.gradle/caches/transforms-1/files-1.1/appcompat-v7-25.3.1.aar/3b099b4242a6e0bcbd38f380ab71a750/res/values-nl/values-nl.xml",
                    "from": {
                        "startLines": "2,3,4,5,6,7,8,9,10,11,12,13,14,15,16,17,18,19,20,21,22",
                        "startColumns": "4,4,4,4,4,4,4,4,4,4,4,4,4,4,4,4,4,4,4,4,4",
                        "startOffsets": "55,173,281,404,509,616,702,810,930,1007,1084,1166,1277,1381,1480,1595,1708,1811,1929,2032,2114",
                        "endColumns": "117,107,122,104,106,85,107,119,76,76,81,110,103,98,114,112,102,117,102,81,100",
                        "endOffsets": "168,276,399,504,611,697,805,925,1002,1079,1161,1272,1376,1475,1590,1703,1806,1924,2027,2109,2210"
                    },
                    "to": {
                        "startLines": "2,3,4,5,6,7,8,9,10,11,12,13,14,15,16,17,18,19,20,38,39",
                        "startColumns": "4,4,4,4,4,4,4,4,4,4,4,4,4,4,4,4,4,4,4,4,4",
                        "startOffsets": "105,223,331,454,559,666,752,860,980,1057,1134,1216,1327,1431,1530,1645,1758,1861,1979,4724,4806",
                        "endColumns": "117,107,122,104,106,85,107,119,76,76,81,110,103,98,114,112,102,117,102,81,100",
                        "endOffsets": "218,326,449,554,661,747,855,975,1052,1129,1211,1322,1426,1525,1640,1753,1856,1974,2077,4801,4902"
                    }
                },
                {
                    "source": "/Users/KAPIL/.gradle/caches/transforms-1/files-1.1/play-services-basement-11.0.4.aar/8d20eaf0785dc42b2ca660ab87eb1c23/res/values-nl/values.xml",
                    "from": {
                        "startLines": "4",
                        "startColumns": "0",
                        "startOffsets": "285",
                        "endColumns": "201",
                        "endOffsets": "486"
                    },
                    "to": {
                        "startLines": "28",
                        "startColumns": "4",
                        "startOffsets": "3116",
                        "endColumns": "201",
                        "endOffsets": "3313"
                    }
                }
            ]
        }
    ]
}