{
    "logs": [
        {
            "outputFile": "/Users/KAPIL/Desktop/TripLogger/app/build/intermediates/incremental/mergeDebugResources/merged.dir/values-et/values-et.xml",
            "map": [
                {
                    "source": "/Users/KAPIL/.gradle/caches/transforms-1/files-1.1/play-services-basement-11.0.4.aar/8d20eaf0785dc42b2ca660ab87eb1c23/res/values-et/values.xml",
                    "from": {
                        "startLines": "4",
                        "startColumns": "0",
                        "startOffsets": "285",
                        "endColumns": "198",
                        "endOffsets": "483"
                    },
                    "to": {
                        "startLines": "9",
                        "startColumns": "4",
                        "startOffsets": "1115",
                        "endColumns": "198",
                        "endOffsets": "1309"
                    }
                },
                {
                    "source": "/Users/KAPIL/.gradle/caches/transforms-1/files-1.1/play-services-base-11.0.4.aar/5692b0b46a2e47e0c41ced148f3d8622/res/values-et/values.xml",
                    "from": {
                        "startLines": "4,5,6,7,8,9,10,11,12,13,14,15,16,17,18,19",
                        "startColumns": "0,0,0,0,0,0,0,0,0,0,0,0,0,0,0,0",
                        "startOffsets": "283,384,578,703,809,1018,1145,1273,1492,1598,1793,1923,2137,2308,2397,2488",
                        "endColumns": "100,193,124,105,208,126,127,218,105,194,129,213,170,88,90,112",
                        "endOffsets": "383,577,702,808,1017,1144,1272,1491,1597,1792,1922,2136,2307,2396,2487,2600"
                    },
                    "to": {
                        "startLines": "2,3,4,5,6,7,8,10,11,12,13,14,15,16,17,18",
                        "startColumns": "4,4,4,4,4,4,4,4,4,4,4,4,4,4,4,4",
                        "startOffsets": "105,210,404,533,643,852,983,1314,1533,1643,1838,1972,2186,2361,2454,2549",
                        "endColumns": "104,193,128,109,208,130,131,218,109,194,133,213,174,92,94,116",
                        "endOffsets": "205,399,528,638,847,978,1110,1528,1638,1833,1967,2181,2356,2449,2544,2661"
                    }
                }
            ]
        }
    ]
}