{
    "logs": [
        {
            "outputFile": "/Users/KAPIL/Desktop/TripLogger/app/build/intermediates/incremental/mergeDebugResources/merged.dir/values-gl/values-gl.xml",
            "map": [
                {
                    "source": "/Users/KAPIL/.gradle/caches/transforms-1/files-1.1/play-services-base-11.0.4.aar/5692b0b46a2e47e0c41ced148f3d8622/res/values-gl/values.xml",
                    "from": {
                        "startLines": "4,5,6,7,8,9,10,11,12,13,14,15,16,17,18,19",
                        "startColumns": "0,0,0,0,0,0,0,0,0,0,0,0,0,0,0,0",
                        "startOffsets": "283,387,582,709,815,1033,1163,1297,1527,1634,1834,1967,2191,2369,2462,2557",
                        "endColumns": "103,194,126,105,217,129,133,229,106,199,132,223,177,92,94,109",
                        "endOffsets": "386,581,708,814,1032,1162,1296,1526,1633,1833,1966,2190,2368,2461,2556,2666"
                    },
                    "to": {
                        "startLines": "2,3,4,5,6,7,8,10,11,12,13,14,15,16,17,18",
                        "startColumns": "4,4,4,4,4,4,4,4,4,4,4,4,4,4,4,4",
                        "startOffsets": "105,213,408,539,649,867,1001,1332,1562,1673,1873,2010,2234,2416,2513,2612",
                        "endColumns": "107,194,130,109,217,133,137,229,110,199,136,223,181,96,98,113",
                        "endOffsets": "208,403,534,644,862,996,1134,1557,1668,1868,2005,2229,2411,2508,2607,2721"
                    }
                },
                {
                    "source": "/Users/KAPIL/.gradle/caches/transforms-1/files-1.1/play-services-basement-11.0.4.aar/8d20eaf0785dc42b2ca660ab87eb1c23/res/values-gl/values.xml",
                    "from": {
                        "startLines": "4",
                        "startColumns": "0",
                        "startOffsets": "285",
                        "endColumns": "192",
                        "endOffsets": "477"
                    },
                    "to": {
                        "startLines": "9",
                        "startColumns": "4",
                        "startOffsets": "1139",
                        "endColumns": "192",
                        "endOffsets": "1327"
                    }
                }
            ]
        }
    ]
}