{
    "logs": [
        {
            "outputFile": "/Users/KAPIL/Desktop/TripLogger/app/build/intermediates/incremental/mergeDebugResources/merged.dir/values-da/values-da.xml",
            "map": [
                {
                    "source": "/Users/KAPIL/.gradle/caches/transforms-1/files-1.1/appcompat-v7-25.3.1.aar/3b099b4242a6e0bcbd38f380ab71a750/res/values-da/values-da.xml",
                    "from": {
                        "startLines": "2,3,4,5,6,7,8,9,10,11,12,13,14,15,16,17,18,19,20,21,22",
                        "startColumns": "4,4,4,4,4,4,4,4,4,4,4,4,4,4,4,4,4,4,4,4,4",
                        "startOffsets": "55,158,266,389,488,600,683,783,896,973,1050,1129,1238,1346,1442,1556,1658,1759,1875,1972,2051",
                        "endColumns": "102,107,122,98,111,82,99,112,76,76,78,108,107,95,113,101,100,115,96,78,100",
                        "endOffsets": "153,261,384,483,595,678,778,891,968,1045,1124,1233,1341,1437,1551,1653,1754,1870,1967,2046,2147"
                    },
                    "to": {
                        "startLines": "2,3,4,5,6,7,8,9,10,11,12,13,14,15,16,17,18,19,20,38,39",
                        "startColumns": "4,4,4,4,4,4,4,4,4,4,4,4,4,4,4,4,4,4,4,4,4",
                        "startOffsets": "105,208,316,439,538,650,733,833,946,1023,1100,1179,1288,1396,1492,1606,1708,1809,1925,4563,4642",
                        "endColumns": "102,107,122,98,111,82,99,112,76,76,78,108,107,95,113,101,100,115,96,78,100",
                        "endOffsets": "203,311,434,533,645,728,828,941,1018,1095,1174,1283,1391,1487,1601,1703,1804,1920,2017,4637,4738"
                    }
                },
                {
                    "source": "/Users/KAPIL/.gradle/caches/transforms-1/files-1.1/play-services-base-11.0.4.aar/5692b0b46a2e47e0c41ced148f3d8622/res/values-da/values.xml",
                    "from": {
                        "startLines": "4,5,6,7,8,9,10,11,12,13,14,15,16,17,18,19",
                        "startColumns": "0,0,0,0,0,0,0,0,0,0,0,0,0,0,0,0",
                        "startOffsets": "283,387,579,704,811,1013,1136,1266,1481,1585,1778,1903,2107,2311,2403,2491",
                        "endColumns": "103,191,124,106,201,122,129,214,103,192,124,203,203,91,87,102",
                        "endOffsets": "386,578,703,810,1012,1135,1265,1480,1584,1777,1902,2106,2310,2402,2490,2593"
                    },
                    "to": {
                        "startLines": "21,22,23,24,25,26,27,29,30,31,32,33,34,35,36,37",
                        "startColumns": "4,4,4,4,4,4,4,4,4,4,4,4,4,4,4,4",
                        "startOffsets": "2022,2130,2322,2451,2562,2764,2891,3211,3426,3534,3727,3856,4060,4268,4364,4456",
                        "endColumns": "107,191,128,110,201,126,133,214,107,192,128,203,207,95,91,106",
                        "endOffsets": "2125,2317,2446,2557,2759,2886,3020,3421,3529,3722,3851,4055,4263,4359,4451,4558"
                    }
                },
                {
                    "source": "/Users/KAPIL/.gradle/caches/transforms-1/files-1.1/play-services-basement-11.0.4.aar/8d20eaf0785dc42b2ca660ab87eb1c23/res/values-da/values.xml",
                    "from": {
                        "startLines": "4",
                        "startColumns": "0",
                        "startOffsets": "285",
                        "endColumns": "185",
                        "endOffsets": "470"
                    },
                    "to": {
                        "startLines": "28",
                        "startColumns": "4",
                        "startOffsets": "3025",
                        "endColumns": "185",
                        "endOffsets": "3206"
                    }
                }
            ]
        }
    ]
}