{
    "logs": [
        {
            "outputFile": "/Users/KAPIL/Desktop/TripLogger/app/build/intermediates/incremental/mergeDebugResources/merged.dir/values-ms-rMY/values-ms-rMY.xml",
            "map": [
                {
                    "source": "/Users/KAPIL/.gradle/caches/transforms-1/files-1.1/appcompat-v7-25.3.1.aar/3b099b4242a6e0bcbd38f380ab71a750/res/values-ms-rMY/values-ms-rMY.xml",
                    "from": {
                        "startLines": "2,3,4,5,6,7,8,9,10,11,12,13,14,15,16,17,18,19,20,21,22",
                        "startColumns": "4,4,4,4,4,4,4,4,4,4,4,4,4,4,4,4,4,4,4,4,4",
                        "startOffsets": "55,166,274,397,502,610,697,801,912,990,1069,1149,1261,1370,1467,1576,1679,1786,1908,2009,2089",
                        "endColumns": "110,107,122,104,107,86,103,110,77,78,79,111,108,96,108,102,106,121,100,79,100",
                        "endOffsets": "161,269,392,497,605,692,796,907,985,1064,1144,1256,1365,1462,1571,1674,1781,1903,2004,2084,2185"
                    }
                }
            ]
        }
    ]
}