{
    "logs": [
        {
            "outputFile": "/Users/KAPIL/Desktop/TripLogger/app/build/intermediates/incremental/mergeDebugResources/merged.dir/values-bg/values-bg.xml",
            "map": [
                {
                    "source": "/Users/KAPIL/.gradle/caches/transforms-1/files-1.1/play-services-base-11.0.4.aar/5692b0b46a2e47e0c41ced148f3d8622/res/values-bg/values.xml",
                    "from": {
                        "startLines": "4,5,6,7,8,9,10,11,12,13,14,15,16,17,18,19",
                        "startColumns": "0,0,0,0,0,0,0,0,0,0,0,0,0,0,0,0",
                        "startOffsets": "283,390,587,720,829,1055,1188,1322,1550,1660,1866,2002,2218,2410,2506,2591",
                        "endColumns": "106,196,132,108,225,132,133,227,109,205,135,215,191,95,84,97",
                        "endOffsets": "389,586,719,828,1054,1187,1321,1549,1659,1865,2001,2217,2409,2505,2590,2688"
                    },
                    "to": {
                        "startLines": "21,22,23,24,25,26,27,29,30,31,32,33,34,35,36,37",
                        "startColumns": "4,4,4,4,4,4,4,4,4,4,4,4,4,4,4,4",
                        "startOffsets": "2096,2207,2404,2541,2654,2880,3017,3352,3580,3694,3900,4040,4256,4452,4552,4641",
                        "endColumns": "110,196,136,112,225,136,137,227,113,205,139,215,195,99,88,101",
                        "endOffsets": "2202,2399,2536,2649,2875,3012,3150,3575,3689,3895,4035,4251,4447,4547,4636,4738"
                    }
                },
                {
                    "source": "/Users/KAPIL/.gradle/caches/transforms-1/files-1.1/play-services-basement-11.0.4.aar/8d20eaf0785dc42b2ca660ab87eb1c23/res/values-bg/values.xml",
                    "from": {
                        "startLines": "4",
                        "startColumns": "0",
                        "startOffsets": "285",
                        "endColumns": "196",
                        "endOffsets": "481"
                    },
                    "to": {
                        "startLines": "28",
                        "startColumns": "4",
                        "startOffsets": "3155",
                        "endColumns": "196",
                        "endOffsets": "3347"
                    }
                },
                {
                    "source": "/Users/KAPIL/.gradle/caches/transforms-1/files-1.1/appcompat-v7-25.3.1.aar/3b099b4242a6e0bcbd38f380ab71a750/res/values-bg/values-bg.xml",
                    "from": {
                        "startLines": "2,3,4,5,6,7,8,9,10,11,12,13,14,15,16,17,18,19,20,21,22",
                        "startColumns": "4,4,4,4,4,4,4,4,4,4,4,4,4,4,4,4,4,4,4,4,4",
                        "startOffsets": "55,170,281,409,516,621,707,812,933,1012,1090,1173,1287,1396,1496,1610,1716,1824,1947,2046,2129",
                        "endColumns": "114,110,127,106,104,85,104,120,78,77,82,113,108,99,113,105,107,122,98,82,100",
                        "endOffsets": "165,276,404,511,616,702,807,928,1007,1085,1168,1282,1391,1491,1605,1711,1819,1942,2041,2124,2225"
                    },
                    "to": {
                        "startLines": "2,3,4,5,6,7,8,9,10,11,12,13,14,15,16,17,18,19,20,38,39",
                        "startColumns": "4,4,4,4,4,4,4,4,4,4,4,4,4,4,4,4,4,4,4,4,4",
                        "startOffsets": "105,220,331,459,566,671,757,862,983,1062,1140,1223,1337,1446,1546,1660,1766,1874,1997,4743,4826",
                        "endColumns": "114,110,127,106,104,85,104,120,78,77,82,113,108,99,113,105,107,122,98,82,100",
                        "endOffsets": "215,326,454,561,666,752,857,978,1057,1135,1218,1332,1441,1541,1655,1761,1869,1992,2091,4821,4922"
                    }
                }
            ]
        }
    ]
}