{
    "logs": [
        {
            "outputFile": "/Users/KAPIL/Desktop/TripLogger/app/build/intermediates/incremental/mergeDebugResources/merged.dir/values/values.xml",
            "map": [
                {
                    "source": "/Users/KAPIL/Desktop/TripLogger/app/src/main/res/values/colors.xml",
                    "from": {
                        "startLines": "4,2,3",
                        "startColumns": "4,4,4",
                        "startOffsets": "157,57,105",
                        "endColumns": "45,46,50",
                        "endOffsets": "198,99,151"
                    },
                    "to": {
                        "startLines": "118,119,120",
                        "startColumns": "4,4,4",
                        "startOffsets": "6239,6285,6332",
                        "endColumns": "45,46,50",
                        "endOffsets": "6280,6327,6378"
                    }
                },
                {
                    "source": "/Users/KAPIL/.gradle/caches/transforms-1/files-1.1/play-services-basement-11.0.4.aar/8d20eaf0785dc42b2ca660ab87eb1c23/res/values/values.xml",
                    "from": {
                        "startLines": "4,7",
                        "startColumns": "0,0",
                        "startOffsets": "276,439",
                        "endColumns": "63,166",
                        "endOffsets": "339,605"
                    },
                    "to": {
                        "startLines": "458,500",
                        "startColumns": "4,4",
                        "startOffsets": "44831,48221",
                        "endColumns": "67,166",
                        "endOffsets": "44894,48383"
                    }
                },
                {
                    "source": "/Users/KAPIL/.gradle/caches/transforms-1/files-1.1/constraint-layout-1.0.2.aar/6181e56c76b7928b0f89abd914f74c26/res/values/values.xml",
                    "from": {
                        "startLines": "2,3,4,7,8,11,14,15,18,21,22,23,24,28,29,30,31,36,37,38,41,44,45,48,51,54,57,58,61,64,65,70,71,75,76,77,78,79,80,81,82,83,84,85",
                        "startColumns": "4,4,4,4,4,4,4,4,4,4,4,4,4,4,4,4,4,4,4,4,4,4,4,4,4,4,4,4,4,4,4,4,4,4,4,4,4,4,4,4,4,4,4,4",
                        "startOffsets": "55,107,177,310,378,507,633,700,823,948,1015,1080,1145,1285,1351,1417,1484,1694,1763,1829,1954,2080,2147,2273,2400,2525,2652,2717,2843,2966,3031,3239,3306,3445,3510,3575,3637,3699,3761,3820,3880,3941,4002,4061",
                        "endLines": "2,3,6,7,10,13,14,17,20,21,22,23,27,28,29,30,35,36,37,40,43,44,47,50,53,56,57,60,63,64,69,70,74,75,76,77,78,79,80,81,82,83,84,90",
                        "endColumns": "51,69,11,67,11,11,66,11,11,66,64,64,11,65,65,66,11,68,65,11,11,66,11,11,11,11,64,11,11,64,11,66,11,64,64,61,61,61,58,59,60,60,58,11",
                        "endOffsets": "102,172,305,373,502,628,695,818,943,1010,1075,1140,1280,1346,1412,1479,1689,1758,1824,1949,2075,2142,2268,2395,2520,2647,2712,2838,2961,3026,3234,3301,3440,3505,3570,3632,3694,3756,3815,3875,3936,3997,4056,4265"
                    },
                    "to": {
                        "startLines": "2,6,7,10,11,14,17,18,21,24,25,26,27,31,32,33,34,39,40,41,44,47,48,51,54,57,60,61,64,67,68,73,74,78,79,80,81,82,83,84,85,86,87,88",
                        "startColumns": "4,4,4,4,4,4,4,4,4,4,4,4,4,4,4,4,4,4,4,4,4,4,4,4,4,4,4,4,4,4,4,4,4,4,4,4,4,4,4,4,4,4,4,4",
                        "startOffsets": "105,306,376,509,577,706,832,899,1022,1147,1214,1279,1344,1484,1550,1616,1683,1893,1962,2028,2153,2279,2346,2472,2599,2724,2851,2916,3042,3165,3230,3438,3505,3644,3709,3774,3836,3898,3960,4019,4079,4140,4201,4260",
                        "endLines": "2,6,9,10,13,16,17,20,23,24,25,26,30,31,32,33,38,39,40,43,46,47,50,53,56,59,60,63,66,67,72,73,77,78,79,80,81,82,83,84,85,86,87,93",
                        "endColumns": "51,69,11,67,11,11,66,11,11,66,64,64,11,65,65,66,11,68,65,11,11,66,11,11,11,11,64,11,11,64,11,66,11,64,64,61,61,61,58,59,60,60,58,11",
                        "endOffsets": "152,371,504,572,701,827,894,1017,1142,1209,1274,1339,1479,1545,1611,1678,1888,1957,2023,2148,2274,2341,2467,2594,2719,2846,2911,3037,3160,3225,3433,3500,3639,3704,3769,3831,3893,3955,4014,4074,4135,4196,4255,4464"
                    }
                },
                {
                    "source": "/Users/KAPIL/Desktop/TripLogger/app/src/main/res/values/dimens.xml",
                    "from": {
                        "startLines": "2",
                        "startColumns": "4",
                        "startOffsets": "57",
                        "endColumns": "42",
                        "endOffsets": "95"
                    },
                    "to": {
                        "startLines": "442",
                        "startColumns": "4",
                        "startOffsets": "43975",
                        "endColumns": "42",
                        "endOffsets": "44013"
                    }
                },
                {
                    "source": "/Users/KAPIL/.gradle/caches/transforms-1/files-1.1/play-services-base-11.0.4.aar/5692b0b46a2e47e0c41ced148f3d8622/res/values/values.xml",
                    "from": {
                        "startLines": "4,5,6,7,8,9,10,11,14,15,16,17,18,19,20,21,22,23,24,25,26,27,28,29",
                        "startColumns": "0,0,0,0,0,0,0,0,0,0,0,0,0,0,0,0,0,0,0,0,0,0,0,0",
                        "startOffsets": "215,301,377,463,549,625,702,778,951,1052,1233,1354,1457,1637,1756,1855,2043,2144,2325,2446,2621,2765,2824,2882",
                        "endColumns": "85,75,85,85,75,76,75,75,100,180,120,102,179,118,98,187,100,180,120,174,143,58,57,74",
                        "endOffsets": "300,376,462,548,624,701,777,853,1051,1232,1353,1456,1636,1755,1854,2042,2143,2324,2445,2620,2764,2823,2881,2956"
                    },
                    "to": {
                        "startLines": "121,122,123,124,125,126,127,128,493,494,495,496,497,498,499,501,502,503,504,505,506,507,508,509",
                        "startColumns": "4,4,4,4,4,4,4,4,4,4,4,4,4,4,4,4,4,4,4,4,4,4,4,4",
                        "startOffsets": "6383,6473,6553,6643,6733,6813,6894,6974,47297,47402,47583,47708,47815,47995,48118,48388,48576,48681,48862,48987,49162,49310,49373,49435",
                        "endColumns": "89,79,89,89,79,80,79,79,104,180,124,106,179,122,102,187,104,180,124,174,147,62,61,78",
                        "endOffsets": "6468,6548,6638,6728,6808,6889,6969,7049,47397,47578,47703,47810,47990,48113,48216,48571,48676,48857,48982,49157,49305,49368,49430,49509"
                    }
                },
                {
                    "source": "/Users/KAPIL/.gradle/caches/transforms-1/files-1.1/recyclerview-v7-25.3.1.aar/d63cf700ed2d257496e2eacc57d0ef41/res/values/values.xml",
                    "from": {
                        "startLines": "3,4,5,6",
                        "startColumns": "4,4,4,4",
                        "startOffsets": "372,447,523,595",
                        "endColumns": "74,75,71,65",
                        "endOffsets": "442,518,590,656"
                    },
                    "to": {
                        "startLines": "424,425,426,450",
                        "startColumns": "4,4,4,4",
                        "startOffsets": "42774,42849,42925,44405",
                        "endColumns": "74,75,71,65",
                        "endOffsets": "42844,42920,42992,44466"
                    }
                },
                {
                    "source": "/Users/KAPIL/.gradle/caches/transforms-1/files-1.1/appcompat-v7-25.3.1.aar/3b099b4242a6e0bcbd38f380ab71a750/res/values/values.xml",
                    "from": {
                        "startLines": "2,3,4,5,6,7,8,9,10,11,12,13,14,15,16,17,18,19,20,21,22,23,24,25,26,27,28,29,30,31,32,33,34,35,36,37,38,39,40,41,42,43,44,45,46,47,48,49,50,51,52,53,54,55,56,57,58,59,60,61,62,63,64,65,66,67,68,69,202,203,204,205,206,207,208,209,210,211,212,213,214,215,216,217,218,219,220,221,222,223,224,225,226,227,228,229,230,231,232,233,234,235,236,237,238,239,240,241,242,243,244,245,246,247,248,249,250,251,252,253,254,255,256,257,258,259,260,261,262,263,264,265,266,267,268,269,270,271,272,273,274,275,276,277,278,279,280,281,282,283,284,285,286,287,288,289,290,291,292,293,294,295,296,297,298,299,300,301,302,303,304,305,306,307,308,309,310,311,312,313,314,315,316,317,318,319,320,321,322,323,324,325,326,327,328,329,330,331,332,333,334,335,336,337,338,339,340,341,342,343,344,345,346,347,348,349,350,351,352,359,360,364,368,373,379,386,390,394,399,403,407,411,415,419,423,427,431,435,439,443,447,452,456,459,463,467,471,475,479,483,487,491,495,499,503,504,505,506,509,512,515,518,522,523,524,525,526,529,531,533,535,540,541,545,551,555,556,558,569,570,574,580,584,585,586,590,617,621,622,626,654,813,835,994,1016,1043,1050,1055,1077,1082,1087,1097,1106,1115,1119,1126,1134,1141,1142,1151,1154,1157,1161,1165,1169,1172,1173,1177,1181,1191,1196,1203,1209,1210,1213,1217,1222,1224,1226,1229,1232,1234,1238,1241,1248,1251,1254,1258,1260,1264,1266,1272,1274,1278,1286,1294,1306,1312,1321,1324,1335,1338,1343,1357,1362,1404,1447,1448,1458,1467,1468,1470,1474,1477,1480,1483,1486,1490,1493,1496,1499,1503,1506,1510,1514,1515,1516,1517,1518,1519,1520,1521,1522,1523,1524,1525,1526,1527,1528,1529,1530,1531,1532,1533,1534,1538,1542,1543,1544,1545,1546,1550,1551,1555,1556,1558,1560,1561,1562,1563,1564,1565,1566,1568,1569,1571,1572,1574,1576,1577,1579,1580,1581,1582,1583,1584,1586,1587,1588,1589,1590,1591,1592,1593,1594,1595,1596,1598,1600,1602,1603,1604,1605,1606,1607,1608,1609,1610,1611,1612,1613,1614,1616,1617,1618,1619,1620,1621,1623,1627,1631,1632,1633,1634,1635,1636,1637,1638,1640,1642,1644,1646,1648,1649,1650,1651,1653,1655,1657,1658,1659,1660,1661,1662,1663,1664,1665,1666,1667,1668,1671,1672,1673,1674,1676,1678,1679,1681,1682,1684,1686,1688,1689,1690,1691,1692,1693,1694,1695,1696,1697,1698,1699,1701,1702,1703,1704,1706,1707,1708,1709,1710,1711,1712,1714,1716,1718,1720,1721,1722,1723,1724,1725,1726,1727,1728,1729,1730,1731,1732,1733",
                        "startColumns": "4,4,4,4,4,4,4,4,4,4,4,4,4,4,4,4,4,4,4,4,4,4,4,4,4,4,4,4,4,4,4,4,4,4,4,4,4,4,4,4,4,4,4,4,4,4,4,4,4,4,4,4,4,4,4,4,4,4,4,4,4,4,4,4,4,4,4,4,4,4,4,4,4,4,4,4,4,4,4,4,4,4,4,4,4,4,4,4,4,4,4,4,4,4,4,4,4,4,4,4,4,4,4,4,4,4,4,4,4,4,4,4,4,4,4,4,4,4,4,4,4,4,4,4,4,4,4,4,4,4,4,4,4,4,4,4,4,4,4,4,4,4,4,4,4,4,4,4,4,4,4,4,4,4,4,4,4,4,4,4,4,4,4,4,4,4,4,4,4,4,4,4,4,4,4,4,4,4,4,4,4,4,4,4,4,4,4,4,4,4,4,4,4,4,4,4,4,4,4,4,4,4,4,4,4,4,4,4,4,4,4,4,4,4,4,4,4,4,4,4,4,4,4,4,4,4,4,4,4,4,4,4,4,4,4,4,4,4,4,4,4,4,4,4,4,4,4,4,4,4,4,4,4,4,4,4,4,4,4,4,4,4,4,4,4,4,4,4,4,4,4,4,4,4,4,4,4,4,4,4,4,4,4,4,4,4,4,4,4,4,4,4,4,4,4,4,4,4,4,4,4,4,4,4,4,4,4,4,4,4,4,4,4,4,4,4,4,4,4,4,4,4,4,4,4,4,4,4,4,4,4,4,4,4,4,4,4,4,4,4,4,4,4,4,4,4,4,4,4,4,4,4,4,4,4,4,4,4,4,4,4,4,4,4,4,4,4,4,4,4,4,4,4,4,4,4,4,4,4,4,4,4,4,4,4,4,4,4,4,4,4,4,4,4,4,4,4,4,4,4,4,4,4,4,4,4,4,4,4,4,4,4,4,4,4,4,4,4,4,4,4,4,4,4,4,4,4,4,4,4,4,4,4,4,4,4,4,4,4,4,4,4,4,4,4,4,4,4,4,4,4,4,4,4,4,4,4,4,4,4,4,4,4,4,4,4,4,4,4,4,4,4,4,4,4,4,4,4,4,4,4,4,4,4,4,4,4,4,4,4,4,4,4,4,4,4,4,4,4,4,4,4,4,4,4,4,4,4,4,4,4,4,4,4,4,4,4,4,4,4,4,4,4,4,4,4,4,4,4,4,4,4,4,4,4,4,4,4,4,4,4",
                        "startOffsets": "55,110,155,204,245,300,358,420,488,566,647,708,783,859,936,1014,1099,1181,1257,1333,1410,1488,1594,1700,1779,1859,1916,1974,2048,2123,2188,2254,2326,2399,2466,2534,2593,2652,2711,2770,2829,2883,2937,2990,3044,3098,3152,3206,3275,3338,3427,3501,3580,3653,3727,3798,3870,3942,4015,4072,4130,4203,4277,4351,4426,4498,4571,4641,24572,24641,24710,24780,24854,24930,24994,25071,25147,25224,25288,25353,25422,25499,25574,25643,25711,25788,25854,25951,26016,26085,26184,26255,26314,26372,26429,26488,26559,26631,26703,26775,26847,26914,26982,27050,27109,27172,27236,27326,27417,27477,27543,27610,27676,27746,27810,27863,27976,28034,28097,28162,28227,28302,28375,28447,28496,28557,28618,28679,28741,28805,28869,28933,28998,29061,29121,29182,29248,29307,29367,29429,29500,29560,29628,29714,29801,29891,29978,30066,30148,30231,30321,30412,30473,30534,30596,30660,30722,30783,30851,30951,31011,31077,31150,31219,31276,31328,31390,31462,31538,31595,31643,31692,31743,31777,31824,31873,31919,31951,32015,32077,32137,32207,32281,32359,32452,32522,32600,32654,32724,32809,32857,32903,32974,33052,33130,33202,33276,33350,33424,33504,33577,33646,33718,33795,33847,33920,33994,34063,34138,34212,34286,34375,34445,34498,34569,34647,34737,34825,34921,35422,35511,35758,36039,36324,36717,37194,37416,37638,37906,38133,38363,38593,38823,39053,39280,39519,39745,39990,40220,40468,40687,40970,41178,41309,41536,41782,42007,42254,42475,42720,42996,43297,43621,43912,44226,44363,44494,44599,44841,45008,45212,45420,45691,45803,45915,46020,46137,46351,46497,46637,46723,47071,47159,47389,47807,48040,48122,48220,48837,48937,49173,49597,49836,49930,50019,50256,52308,52550,52652,52889,55073,65242,66493,76761,78024,79516,80052,80382,81647,81903,82139,82686,83180,83785,83983,84563,85127,85502,85620,86158,86315,86511,86784,87040,87210,87351,87415,87697,87983,88659,88923,89261,89614,89708,89894,90200,90462,90587,90714,90953,91164,91283,91476,91653,92108,92289,92411,92670,92783,92970,93072,93516,93640,93915,94423,94919,95796,96090,96660,96809,97541,97713,98049,99107,99385,102571,105900,105962,106592,107206,107292,107405,107634,107794,107946,108117,108284,108527,108697,108870,109041,109315,109514,109719,110049,110133,110229,110325,110423,110523,110625,110727,110829,110931,111033,111133,111229,111341,111470,111593,111724,111855,111953,112067,112161,112360,112564,112633,112749,112877,112941,113145,113214,113417,113487,113627,113761,113857,113969,114069,114185,114281,114393,114533,114669,114833,114963,115121,115271,115412,115556,115691,115803,115953,116081,116209,116345,116477,116607,116737,116849,116989,117057,117130,117204,117277,117351,117497,117641,117779,117845,117935,118011,118115,118205,118307,118415,118523,118623,118703,118795,118893,119003,119081,119187,119279,119383,119493,119615,119778,119935,120015,120115,120205,120315,120409,120515,120607,120707,120819,120933,121049,121165,121259,121373,121485,121587,121707,121829,121911,122015,122135,122261,122359,122453,122541,122653,122769,122891,123003,123178,123294,123380,123472,123584,123708,123775,123901,123969,124097,124241,124369,124438,124533,124648,124761,124860,124969,125080,125191,125292,125397,125497,125627,125718,125841,125935,126047,126133,126237,126333,126408,126478,126566,126684,126788,126892,127018,127106,127214,127314,127404,127514,127598,127700,127784,127838,127902,128008,128118,128202",
                        "endLines": "2,3,4,5,6,7,8,9,10,11,12,13,14,15,16,17,18,19,20,21,22,23,24,25,26,27,28,29,30,31,32,33,34,35,36,37,38,39,40,41,42,43,44,45,46,47,48,49,50,51,52,53,54,55,56,57,58,59,60,61,62,63,64,65,66,67,68,69,202,203,204,205,206,207,208,209,210,211,212,213,214,215,216,217,218,219,220,221,222,223,224,225,226,227,228,229,230,231,232,233,234,235,236,237,238,239,240,241,242,243,244,245,246,247,248,249,250,251,252,253,254,255,256,257,258,259,260,261,262,263,264,265,266,267,268,269,270,271,272,273,274,275,276,277,278,279,280,281,282,283,284,285,286,287,288,289,290,291,292,293,294,295,296,297,298,299,300,301,302,303,304,305,306,307,308,309,310,311,312,313,314,315,316,317,318,319,320,321,322,323,324,325,326,327,328,329,330,331,332,333,334,335,336,337,338,339,340,341,342,343,344,345,346,347,348,349,350,351,358,359,363,367,372,378,385,389,393,398,402,406,410,414,418,422,426,430,434,438,442,446,451,455,458,462,466,470,474,478,482,486,490,494,498,502,503,504,505,508,511,514,517,521,522,523,524,525,528,530,532,534,539,540,544,550,554,555,557,568,569,573,579,583,584,585,589,616,620,621,625,653,812,834,993,1015,1042,1049,1054,1076,1081,1086,1096,1105,1114,1118,1125,1133,1140,1141,1150,1153,1156,1160,1164,1168,1171,1172,1176,1180,1190,1195,1202,1208,1209,1212,1216,1221,1223,1225,1228,1231,1233,1237,1240,1247,1250,1253,1257,1259,1263,1265,1271,1273,1277,1285,1293,1305,1311,1320,1323,1334,1337,1342,1356,1361,1403,1446,1447,1457,1466,1467,1469,1473,1476,1479,1482,1485,1489,1492,1495,1498,1502,1505,1509,1513,1514,1515,1516,1517,1518,1519,1520,1521,1522,1523,1524,1525,1526,1527,1528,1529,1530,1531,1532,1533,1537,1541,1542,1543,1544,1545,1549,1550,1554,1555,1557,1559,1560,1561,1562,1563,1564,1565,1567,1568,1570,1571,1573,1575,1576,1578,1579,1580,1581,1582,1583,1585,1586,1587,1588,1589,1590,1591,1592,1593,1594,1595,1597,1599,1601,1602,1603,1604,1605,1606,1607,1608,1609,1610,1611,1612,1613,1615,1616,1617,1618,1619,1620,1622,1626,1630,1631,1632,1633,1634,1635,1636,1637,1639,1641,1643,1645,1647,1648,1649,1650,1652,1654,1656,1657,1658,1659,1660,1661,1662,1663,1664,1665,1666,1667,1670,1671,1672,1673,1675,1677,1678,1680,1681,1683,1685,1687,1688,1689,1690,1691,1692,1693,1694,1695,1696,1697,1698,1700,1701,1702,1703,1705,1706,1707,1708,1709,1710,1711,1713,1715,1717,1719,1720,1721,1722,1723,1724,1725,1726,1727,1728,1729,1730,1731,1732,1733",
                        "endColumns": "54,44,48,40,54,57,61,67,77,80,60,74,75,76,77,84,81,75,75,76,77,105,105,78,79,56,57,73,74,64,65,71,72,66,67,58,58,58,58,58,53,53,52,53,53,53,53,68,62,88,73,78,72,73,70,71,71,72,56,57,72,73,73,74,71,72,69,70,68,68,69,73,75,63,76,75,76,63,64,68,76,74,68,67,76,65,96,64,68,98,70,58,57,56,58,70,71,71,71,71,66,67,67,58,62,63,89,90,59,65,66,65,69,63,52,112,57,62,64,64,74,72,71,48,60,60,60,61,63,63,63,64,62,59,60,65,58,59,61,70,59,67,85,86,89,86,87,81,82,89,90,60,60,61,63,61,60,67,99,59,65,72,68,56,51,61,71,75,56,47,48,50,33,46,48,45,31,63,61,59,69,73,77,92,69,77,53,69,84,47,45,70,77,77,71,73,73,73,79,72,68,71,76,51,72,73,68,74,73,73,88,69,52,70,77,89,87,95,12,88,12,12,12,12,12,12,12,12,12,12,12,12,12,12,12,12,12,12,12,12,12,12,12,12,12,12,12,12,12,12,12,12,12,12,136,130,104,12,12,12,12,12,111,111,104,116,12,12,12,12,12,87,12,12,12,81,12,12,99,12,12,12,93,88,12,12,12,101,12,12,12,12,12,12,12,12,12,12,12,12,12,12,12,12,12,12,12,117,12,12,12,12,12,12,12,63,12,12,12,12,12,12,93,12,12,12,12,12,12,12,12,12,12,12,12,12,12,12,12,12,12,12,12,12,12,12,12,12,12,12,12,12,12,12,12,12,61,12,12,85,12,12,12,12,12,12,12,12,12,12,12,12,12,12,83,95,95,97,99,101,101,101,101,101,99,95,111,128,122,130,130,97,113,93,12,12,68,115,127,63,12,68,12,69,12,12,95,111,99,115,95,111,12,135,12,129,12,12,140,12,134,111,149,127,127,12,131,129,129,111,139,67,72,73,72,73,12,12,12,65,89,75,103,89,101,107,107,99,79,91,97,12,77,105,91,103,109,12,12,12,79,99,89,109,93,105,91,12,12,12,12,12,93,113,111,12,12,12,81,103,119,125,97,93,87,111,115,121,111,12,115,85,91,12,12,66,12,67,12,12,12,68,94,114,112,98,108,110,110,100,104,99,12,90,122,93,12,85,103,95,74,69,87,12,12,12,12,87,107,99,89,109,83,101,83,53,63,105,109,83,119",
                        "endOffsets": "105,150,199,240,295,353,415,483,561,642,703,778,854,931,1009,1094,1176,1252,1328,1405,1483,1589,1695,1774,1854,1911,1969,2043,2118,2183,2249,2321,2394,2461,2529,2588,2647,2706,2765,2824,2878,2932,2985,3039,3093,3147,3201,3270,3333,3422,3496,3575,3648,3722,3793,3865,3937,4010,4067,4125,4198,4272,4346,4421,4493,4566,4636,4707,24636,24705,24775,24849,24925,24989,25066,25142,25219,25283,25348,25417,25494,25569,25638,25706,25783,25849,25946,26011,26080,26179,26250,26309,26367,26424,26483,26554,26626,26698,26770,26842,26909,26977,27045,27104,27167,27231,27321,27412,27472,27538,27605,27671,27741,27805,27858,27971,28029,28092,28157,28222,28297,28370,28442,28491,28552,28613,28674,28736,28800,28864,28928,28993,29056,29116,29177,29243,29302,29362,29424,29495,29555,29623,29709,29796,29886,29973,30061,30143,30226,30316,30407,30468,30529,30591,30655,30717,30778,30846,30946,31006,31072,31145,31214,31271,31323,31385,31457,31533,31590,31638,31687,31738,31772,31819,31868,31914,31946,32010,32072,32132,32202,32276,32354,32447,32517,32595,32649,32719,32804,32852,32898,32969,33047,33125,33197,33271,33345,33419,33499,33572,33641,33713,33790,33842,33915,33989,34058,34133,34207,34281,34370,34440,34493,34564,34642,34732,34820,34916,35417,35506,35753,36034,36319,36712,37189,37411,37633,37901,38128,38358,38588,38818,39048,39275,39514,39740,39985,40215,40463,40682,40965,41173,41304,41531,41777,42002,42249,42470,42715,42991,43292,43616,43907,44221,44358,44489,44594,44836,45003,45207,45415,45686,45798,45910,46015,46132,46346,46492,46632,46718,47066,47154,47384,47802,48035,48117,48215,48832,48932,49168,49592,49831,49925,50014,50251,52303,52545,52647,52884,55068,65237,66488,76756,78019,79511,80047,80377,81642,81898,82134,82681,83175,83780,83978,84558,85122,85497,85615,86153,86310,86506,86779,87035,87205,87346,87410,87692,87978,88654,88918,89256,89609,89703,89889,90195,90457,90582,90709,90948,91159,91278,91471,91648,92103,92284,92406,92665,92778,92965,93067,93511,93635,93910,94418,94914,95791,96085,96655,96804,97536,97708,98044,99102,99380,102566,105895,105957,106587,107201,107287,107400,107629,107789,107941,108112,108279,108522,108692,108865,109036,109310,109509,109714,110044,110128,110224,110320,110418,110518,110620,110722,110824,110926,111028,111128,111224,111336,111465,111588,111719,111850,111948,112062,112156,112355,112559,112628,112744,112872,112936,113140,113209,113412,113482,113622,113756,113852,113964,114064,114180,114276,114388,114528,114664,114828,114958,115116,115266,115407,115551,115686,115798,115948,116076,116204,116340,116472,116602,116732,116844,116984,117052,117125,117199,117272,117346,117492,117636,117774,117840,117930,118006,118110,118200,118302,118410,118518,118618,118698,118790,118888,118998,119076,119182,119274,119378,119488,119610,119773,119930,120010,120110,120200,120310,120404,120510,120602,120702,120814,120928,121044,121160,121254,121368,121480,121582,121702,121824,121906,122010,122130,122256,122354,122448,122536,122648,122764,122886,122998,123173,123289,123375,123467,123579,123703,123770,123896,123964,124092,124236,124364,124433,124528,124643,124756,124855,124964,125075,125186,125287,125392,125492,125622,125713,125836,125930,126042,126128,126232,126328,126403,126473,126561,126679,126783,126887,127013,127101,127209,127309,127399,127509,127593,127695,127779,127833,127897,128003,128113,128197,128317"
                    },
                    "to": {
                        "startLines": "3,4,5,94,95,96,97,98,99,100,101,102,103,104,105,106,107,108,109,110,111,112,113,114,115,116,117,129,130,131,132,133,134,135,136,137,138,139,140,141,142,143,144,145,146,147,148,149,150,151,152,153,154,155,156,157,158,159,160,161,162,163,164,165,166,167,168,169,341,342,343,344,345,346,347,348,349,350,351,352,353,354,355,356,357,358,359,360,361,362,363,364,365,366,367,368,369,370,371,372,373,374,375,376,377,378,379,380,381,382,383,384,385,386,387,388,389,390,391,392,393,394,395,396,397,398,399,400,401,402,403,404,405,406,407,408,409,410,411,412,413,414,415,416,417,418,419,420,421,422,423,427,428,429,430,431,432,433,434,435,436,437,438,439,440,441,443,444,445,446,447,448,449,451,452,453,454,455,456,457,459,460,461,462,463,464,465,466,467,468,469,470,471,472,473,474,475,476,477,478,479,480,481,482,483,484,485,486,487,488,489,490,512,513,514,515,516,517,524,531,532,536,540,545,551,558,562,566,571,575,579,583,587,591,595,599,603,607,611,615,619,624,628,631,635,639,643,647,651,655,659,663,667,671,675,676,677,678,681,684,687,690,694,695,696,697,698,701,703,705,707,712,713,717,723,727,728,730,741,742,746,752,756,757,758,762,789,793,794,798,826,985,1007,1166,1188,1215,1222,1227,1249,1254,1259,1269,1278,1287,1291,1298,1306,1313,1314,1323,1326,1329,1333,1337,1341,1344,1345,1349,1353,1363,1368,1375,1381,1382,1385,1389,1394,1396,1398,1401,1404,1406,1410,1413,1420,1423,1426,1430,1432,1436,1438,1444,1446,1450,1458,1466,1478,1484,1493,1496,1507,1510,1515,1529,1534,1576,1619,1620,1630,1639,1640,1642,1646,1649,1652,1655,1658,1662,1665,1668,1671,1675,1678,1682,1686,1687,1688,1689,1690,1691,1692,1693,1694,1695,1696,1697,1698,1699,1700,1701,1702,1703,1704,1705,1706,1710,1714,1715,1716,1717,1718,1722,1723,1727,1728,1730,1732,1733,1734,1735,1736,1737,1738,1740,1741,1743,1744,1746,1748,1749,1751,1752,1753,1754,1755,1756,1758,1759,1760,1761,1762,1763,1764,1765,1766,1767,1768,1770,1772,1774,1775,1776,1777,1778,1779,1780,1781,1782,1783,1784,1785,1786,1788,1789,1790,1791,1792,1793,1795,1799,1803,1804,1805,1806,1807,1808,1809,1810,1812,1814,1816,1818,1820,1821,1822,1823,1825,1827,1829,1830,1831,1832,1833,1834,1835,1836,1837,1838,1839,1840,1843,1844,1845,1846,1848,1850,1851,1853,1854,1856,1858,1860,1861,1862,1863,1864,1865,1866,1867,1868,1869,1870,1871,1873,1874,1875,1876,1878,1879,1880,1881,1882,1883,1884,1886,1888,1890,1892,1893,1894,1895,1896,1897,1898,1899,1900,1901,1902,1903,1904,1905",
                        "startColumns": "4,4,4,4,4,4,4,4,4,4,4,4,4,4,4,4,4,4,4,4,4,4,4,4,4,4,4,4,4,4,4,4,4,4,4,4,4,4,4,4,4,4,4,4,4,4,4,4,4,4,4,4,4,4,4,4,4,4,4,4,4,4,4,4,4,4,4,4,4,4,4,4,4,4,4,4,4,4,4,4,4,4,4,4,4,4,4,4,4,4,4,4,4,4,4,4,4,4,4,4,4,4,4,4,4,4,4,4,4,4,4,4,4,4,4,4,4,4,4,4,4,4,4,4,4,4,4,4,4,4,4,4,4,4,4,4,4,4,4,4,4,4,4,4,4,4,4,4,4,4,4,4,4,4,4,4,4,4,4,4,4,4,4,4,4,4,4,4,4,4,4,4,4,4,4,4,4,4,4,4,4,4,4,4,4,4,4,4,4,4,4,4,4,4,4,4,4,4,4,4,4,4,4,4,4,4,4,4,4,4,4,4,4,4,4,4,4,4,4,4,4,4,4,4,4,4,4,4,4,4,4,4,4,4,4,4,4,4,4,4,4,4,4,4,4,4,4,4,4,4,4,4,4,4,4,4,4,4,4,4,4,4,4,4,4,4,4,4,4,4,4,4,4,4,4,4,4,4,4,4,4,4,4,4,4,4,4,4,4,4,4,4,4,4,4,4,4,4,4,4,4,4,4,4,4,4,4,4,4,4,4,4,4,4,4,4,4,4,4,4,4,4,4,4,4,4,4,4,4,4,4,4,4,4,4,4,4,4,4,4,4,4,4,4,4,4,4,4,4,4,4,4,4,4,4,4,4,4,4,4,4,4,4,4,4,4,4,4,4,4,4,4,4,4,4,4,4,4,4,4,4,4,4,4,4,4,4,4,4,4,4,4,4,4,4,4,4,4,4,4,4,4,4,4,4,4,4,4,4,4,4,4,4,4,4,4,4,4,4,4,4,4,4,4,4,4,4,4,4,4,4,4,4,4,4,4,4,4,4,4,4,4,4,4,4,4,4,4,4,4,4,4,4,4,4,4,4,4,4,4,4,4,4,4,4,4,4,4,4,4,4,4,4,4,4,4,4,4,4,4,4,4,4,4,4,4,4,4,4,4,4,4,4,4,4,4,4,4,4,4,4,4,4,4,4,4,4,4,4,4,4,4,4,4,4,4,4,4,4,4,4,4,4,4,4,4,4,4,4,4,4,4,4,4,4,4,4,4,4,4,4",
                        "startOffsets": "157,212,257,4469,4510,4565,4623,4685,4753,4831,4912,4973,5048,5124,5201,5279,5364,5446,5522,5598,5675,5753,5859,5965,6044,6124,6181,7054,7128,7203,7268,7334,7406,7479,7546,7614,7673,7732,7791,7850,7909,7963,8017,8070,8124,8178,8232,8286,8355,8418,8507,8581,8660,8733,8807,8878,8950,9022,9095,9152,9210,9283,9357,9431,9506,9578,9651,9721,36934,37003,37072,37142,37216,37292,37356,37433,37509,37586,37650,37715,37784,37861,37936,38005,38073,38150,38216,38313,38378,38447,38546,38617,38676,38734,38791,38850,38921,38993,39065,39137,39209,39276,39344,39412,39471,39534,39598,39688,39779,39839,39905,39972,40038,40108,40172,40225,40338,40396,40459,40524,40589,40664,40737,40809,40858,40919,40980,41041,41103,41167,41231,41295,41360,41423,41483,41544,41610,41669,41729,41791,41862,41922,41990,42076,42163,42253,42340,42428,42510,42593,42683,42997,43058,43119,43181,43245,43307,43368,43436,43536,43596,43662,43735,43804,43861,43913,44018,44090,44166,44223,44271,44320,44371,44471,44518,44567,44613,44645,44709,44771,44899,44969,45043,45121,45214,45284,45362,45416,45486,45571,45619,45665,45736,45814,45892,45964,46038,46112,46186,46266,46339,46408,46480,46557,46609,46682,46756,46825,46900,46974,47048,47137,49594,49647,49718,49796,49886,49974,50389,50890,50979,51226,51507,51792,52185,52662,52884,53106,53374,53601,53831,54061,54291,54521,54748,54987,55213,55458,55688,55936,56155,56438,56646,56777,57004,57250,57475,57722,57943,58188,58464,58765,59089,59380,59694,59831,59962,60067,60309,60476,60680,60888,61159,61271,61383,61488,61605,61819,61965,62105,62191,62539,62627,62857,63275,63508,63590,63688,64305,64405,64641,65065,65304,65398,65487,65724,67776,68018,68120,68357,70541,80710,81961,92229,93492,94984,95520,95850,97115,97371,97607,98154,98648,99253,99451,100031,100595,100970,101088,101626,101783,101979,102252,102508,102678,102819,102883,103165,103451,104127,104391,104729,105082,105176,105362,105668,105930,106055,106182,106421,106632,106751,106944,107121,107576,107757,107879,108138,108251,108438,108540,108984,109108,109383,109891,110387,111264,111558,112128,112277,113009,113181,113517,114575,114853,118039,121368,121430,122060,122674,122760,122873,123102,123262,123414,123585,123752,123995,124165,124338,124509,124783,124982,125187,125517,125601,125697,125793,125891,125991,126093,126195,126297,126399,126501,126601,126697,126809,126938,127061,127192,127323,127421,127535,127629,127828,128032,128101,128217,128345,128409,128613,128682,128885,128955,129095,129229,129325,129437,129537,129653,129749,129861,130001,130137,130301,130431,130589,130739,130880,131024,131159,131271,131421,131549,131677,131813,131945,132075,132205,132317,132457,132525,132598,132672,132745,132819,132965,133109,133247,133313,133403,133479,133583,133673,133775,133883,133991,134091,134171,134263,134361,134471,134549,134655,134747,134851,134961,135083,135246,135403,135483,135583,135673,135783,135877,135983,136075,136175,136287,136401,136517,136633,136727,136841,136953,137055,137175,137297,137379,137483,137603,137729,137827,137921,138009,138121,138237,138359,138471,138646,138762,138848,138940,139052,139176,139243,139369,139437,139565,139709,139837,139906,140001,140116,140229,140328,140437,140548,140659,140760,140865,140965,141095,141186,141309,141403,141515,141601,141705,141801,141876,141946,142034,142152,142256,142360,142486,142574,142682,142782,142872,142982,143066,143168,143252,143306,143370,143476,143586,143670",
                        "endLines": "3,4,5,94,95,96,97,98,99,100,101,102,103,104,105,106,107,108,109,110,111,112,113,114,115,116,117,129,130,131,132,133,134,135,136,137,138,139,140,141,142,143,144,145,146,147,148,149,150,151,152,153,154,155,156,157,158,159,160,161,162,163,164,165,166,167,168,169,341,342,343,344,345,346,347,348,349,350,351,352,353,354,355,356,357,358,359,360,361,362,363,364,365,366,367,368,369,370,371,372,373,374,375,376,377,378,379,380,381,382,383,384,385,386,387,388,389,390,391,392,393,394,395,396,397,398,399,400,401,402,403,404,405,406,407,408,409,410,411,412,413,414,415,416,417,418,419,420,421,422,423,427,428,429,430,431,432,433,434,435,436,437,438,439,440,441,443,444,445,446,447,448,449,451,452,453,454,455,456,457,459,460,461,462,463,464,465,466,467,468,469,470,471,472,473,474,475,476,477,478,479,480,481,482,483,484,485,486,487,488,489,490,512,513,514,515,516,517,530,531,535,539,544,550,557,561,565,570,574,578,582,586,590,594,598,602,606,610,614,618,623,627,630,634,638,642,646,650,654,658,662,666,670,674,675,676,677,680,683,686,689,693,694,695,696,697,700,702,704,706,711,712,716,722,726,727,729,740,741,745,751,755,756,757,761,788,792,793,797,825,984,1006,1165,1187,1214,1221,1226,1248,1253,1258,1268,1277,1286,1290,1297,1305,1312,1313,1322,1325,1328,1332,1336,1340,1343,1344,1348,1352,1362,1367,1374,1380,1381,1384,1388,1393,1395,1397,1400,1403,1405,1409,1412,1419,1422,1425,1429,1431,1435,1437,1443,1445,1449,1457,1465,1477,1483,1492,1495,1506,1509,1514,1528,1533,1575,1618,1619,1629,1638,1639,1641,1645,1648,1651,1654,1657,1661,1664,1667,1670,1674,1677,1681,1685,1686,1687,1688,1689,1690,1691,1692,1693,1694,1695,1696,1697,1698,1699,1700,1701,1702,1703,1704,1705,1709,1713,1714,1715,1716,1717,1721,1722,1726,1727,1729,1731,1732,1733,1734,1735,1736,1737,1739,1740,1742,1743,1745,1747,1748,1750,1751,1752,1753,1754,1755,1757,1758,1759,1760,1761,1762,1763,1764,1765,1766,1767,1769,1771,1773,1774,1775,1776,1777,1778,1779,1780,1781,1782,1783,1784,1785,1787,1788,1789,1790,1791,1792,1794,1798,1802,1803,1804,1805,1806,1807,1808,1809,1811,1813,1815,1817,1819,1820,1821,1822,1824,1826,1828,1829,1830,1831,1832,1833,1834,1835,1836,1837,1838,1839,1842,1843,1844,1845,1847,1849,1850,1852,1853,1855,1857,1859,1860,1861,1862,1863,1864,1865,1866,1867,1868,1869,1870,1872,1873,1874,1875,1877,1878,1879,1880,1881,1882,1883,1885,1887,1889,1891,1892,1893,1894,1895,1896,1897,1898,1899,1900,1901,1902,1903,1904,1905",
                        "endColumns": "54,44,48,40,54,57,61,67,77,80,60,74,75,76,77,84,81,75,75,76,77,105,105,78,79,56,57,73,74,64,65,71,72,66,67,58,58,58,58,58,53,53,52,53,53,53,53,68,62,88,73,78,72,73,70,71,71,72,56,57,72,73,73,74,71,72,69,70,68,68,69,73,75,63,76,75,76,63,64,68,76,74,68,67,76,65,96,64,68,98,70,58,57,56,58,70,71,71,71,71,66,67,67,58,62,63,89,90,59,65,66,65,69,63,52,112,57,62,64,64,74,72,71,48,60,60,60,61,63,63,63,64,62,59,60,65,58,59,61,70,59,67,85,86,89,86,87,81,82,89,90,60,60,61,63,61,60,67,99,59,65,72,68,56,51,61,71,75,56,47,48,50,33,46,48,45,31,63,61,59,69,73,77,92,69,77,53,69,84,47,45,70,77,77,71,73,73,73,79,72,68,71,76,51,72,73,68,74,73,73,88,69,52,70,77,89,87,95,12,88,12,12,12,12,12,12,12,12,12,12,12,12,12,12,12,12,12,12,12,12,12,12,12,12,12,12,12,12,12,12,12,12,12,12,136,130,104,12,12,12,12,12,111,111,104,116,12,12,12,12,12,87,12,12,12,81,12,12,99,12,12,12,93,88,12,12,12,101,12,12,12,12,12,12,12,12,12,12,12,12,12,12,12,12,12,12,12,117,12,12,12,12,12,12,12,63,12,12,12,12,12,12,93,12,12,12,12,12,12,12,12,12,12,12,12,12,12,12,12,12,12,12,12,12,12,12,12,12,12,12,12,12,12,12,12,12,61,12,12,85,12,12,12,12,12,12,12,12,12,12,12,12,12,12,83,95,95,97,99,101,101,101,101,101,99,95,111,128,122,130,130,97,113,93,12,12,68,115,127,63,12,68,12,69,12,12,95,111,99,115,95,111,12,135,12,129,12,12,140,12,134,111,149,127,127,12,131,129,129,111,139,67,72,73,72,73,12,12,12,65,89,75,103,89,101,107,107,99,79,91,97,12,77,105,91,103,109,12,12,12,79,99,89,109,93,105,91,12,12,12,12,12,93,113,111,12,12,12,81,103,119,125,97,93,87,111,115,121,111,12,115,85,91,12,12,66,12,67,12,12,12,68,94,114,112,98,108,110,110,100,104,99,12,90,122,93,12,85,103,95,74,69,87,12,12,12,12,87,107,99,89,109,83,101,83,53,63,105,109,83,119",
                        "endOffsets": "207,252,301,4505,4560,4618,4680,4748,4826,4907,4968,5043,5119,5196,5274,5359,5441,5517,5593,5670,5748,5854,5960,6039,6119,6176,6234,7123,7198,7263,7329,7401,7474,7541,7609,7668,7727,7786,7845,7904,7958,8012,8065,8119,8173,8227,8281,8350,8413,8502,8576,8655,8728,8802,8873,8945,9017,9090,9147,9205,9278,9352,9426,9501,9573,9646,9716,9787,36998,37067,37137,37211,37287,37351,37428,37504,37581,37645,37710,37779,37856,37931,38000,38068,38145,38211,38308,38373,38442,38541,38612,38671,38729,38786,38845,38916,38988,39060,39132,39204,39271,39339,39407,39466,39529,39593,39683,39774,39834,39900,39967,40033,40103,40167,40220,40333,40391,40454,40519,40584,40659,40732,40804,40853,40914,40975,41036,41098,41162,41226,41290,41355,41418,41478,41539,41605,41664,41724,41786,41857,41917,41985,42071,42158,42248,42335,42423,42505,42588,42678,42769,43053,43114,43176,43240,43302,43363,43431,43531,43591,43657,43730,43799,43856,43908,43970,44085,44161,44218,44266,44315,44366,44400,44513,44562,44608,44640,44704,44766,44826,44964,45038,45116,45209,45279,45357,45411,45481,45566,45614,45660,45731,45809,45887,45959,46033,46107,46181,46261,46334,46403,46475,46552,46604,46677,46751,46820,46895,46969,47043,47132,47202,49642,49713,49791,49881,49969,50065,50885,50974,51221,51502,51787,52180,52657,52879,53101,53369,53596,53826,54056,54286,54516,54743,54982,55208,55453,55683,55931,56150,56433,56641,56772,56999,57245,57470,57717,57938,58183,58459,58760,59084,59375,59689,59826,59957,60062,60304,60471,60675,60883,61154,61266,61378,61483,61600,61814,61960,62100,62186,62534,62622,62852,63270,63503,63585,63683,64300,64400,64636,65060,65299,65393,65482,65719,67771,68013,68115,68352,70536,80705,81956,92224,93487,94979,95515,95845,97110,97366,97602,98149,98643,99248,99446,100026,100590,100965,101083,101621,101778,101974,102247,102503,102673,102814,102878,103160,103446,104122,104386,104724,105077,105171,105357,105663,105925,106050,106177,106416,106627,106746,106939,107116,107571,107752,107874,108133,108246,108433,108535,108979,109103,109378,109886,110382,111259,111553,112123,112272,113004,113176,113512,114570,114848,118034,121363,121425,122055,122669,122755,122868,123097,123257,123409,123580,123747,123990,124160,124333,124504,124778,124977,125182,125512,125596,125692,125788,125886,125986,126088,126190,126292,126394,126496,126596,126692,126804,126933,127056,127187,127318,127416,127530,127624,127823,128027,128096,128212,128340,128404,128608,128677,128880,128950,129090,129224,129320,129432,129532,129648,129744,129856,129996,130132,130296,130426,130584,130734,130875,131019,131154,131266,131416,131544,131672,131808,131940,132070,132200,132312,132452,132520,132593,132667,132740,132814,132960,133104,133242,133308,133398,133474,133578,133668,133770,133878,133986,134086,134166,134258,134356,134466,134544,134650,134742,134846,134956,135078,135241,135398,135478,135578,135668,135778,135872,135978,136070,136170,136282,136396,136512,136628,136722,136836,136948,137050,137170,137292,137374,137478,137598,137724,137822,137916,138004,138116,138232,138354,138466,138641,138757,138843,138935,139047,139171,139238,139364,139432,139560,139704,139832,139901,139996,140111,140224,140323,140432,140543,140654,140755,140860,140960,141090,141181,141304,141398,141510,141596,141700,141796,141871,141941,142029,142147,142251,142355,142481,142569,142677,142777,142867,142977,143061,143163,143247,143301,143365,143471,143581,143665,143785"
                    }
                },
                {
                    "source": "/Users/KAPIL/Desktop/TripLogger/app/src/main/res/values/strings.xml",
                    "from": {
                        "startLines": "1,3,4,2",
                        "startColumns": "4,4,4,4",
                        "startOffsets": "17,105,148,66",
                        "endColumns": "47,41,41,37",
                        "endOffsets": "60,142,185,99"
                    },
                    "to": {
                        "startLines": "491,492,510,511",
                        "startColumns": "4,4,4,4",
                        "startOffsets": "47207,47255,49514,49556",
                        "endColumns": "47,41,41,37",
                        "endOffsets": "47250,47292,49551,49589"
                    }
                },
                {
                    "source": "/Users/KAPIL/Desktop/TripLogger/app/src/main/res/values/styles.xml",
                    "from": {
                        "startLines": "3",
                        "startColumns": "4",
                        "startOffsets": "57",
                        "endLines": "8",
                        "endColumns": "12",
                        "endOffsets": "376"
                    },
                    "to": {
                        "startLines": "518",
                        "startColumns": "4",
                        "startOffsets": "50070",
                        "endLines": "523",
                        "endColumns": "12",
                        "endOffsets": "50384"
                    }
                }
            ]
        }
    ]
}