{
    "logs": [
        {
            "outputFile": "/Users/KAPIL/Desktop/TripLogger/app/build/intermediates/incremental/mergeDebugResources/merged.dir/values-vi/values-vi.xml",
            "map": [
                {
                    "source": "/Users/KAPIL/.gradle/caches/transforms-1/files-1.1/play-services-basement-11.0.4.aar/8d20eaf0785dc42b2ca660ab87eb1c23/res/values-vi/values.xml",
                    "from": {
                        "startLines": "4",
                        "startColumns": "0",
                        "startOffsets": "285",
                        "endColumns": "194",
                        "endOffsets": "479"
                    },
                    "to": {
                        "startLines": "28",
                        "startColumns": "4",
                        "startOffsets": "3091",
                        "endColumns": "194",
                        "endOffsets": "3281"
                    }
                },
                {
                    "source": "/Users/KAPIL/.gradle/caches/transforms-1/files-1.1/appcompat-v7-25.3.1.aar/3b099b4242a6e0bcbd38f380ab71a750/res/values-vi/values-vi.xml",
                    "from": {
                        "startLines": "2,3,4,5,6,7,8,9,10,11,12,13,14,15,16,17,18,19,20,21,22",
                        "startColumns": "4,4,4,4,4,4,4,4,4,4,4,4,4,4,4,4,4,4,4,4,4",
                        "startOffsets": "55,169,277,400,508,617,701,804,923,1000,1077,1161,1265,1374,1475,1580,1694,1799,1919,2018,2102",
                        "endColumns": "113,107,122,107,108,83,102,118,76,76,83,103,108,100,104,113,104,119,98,83,100",
                        "endOffsets": "164,272,395,503,612,696,799,918,995,1072,1156,1260,1369,1470,1575,1689,1794,1914,2013,2097,2198"
                    },
                    "to": {
                        "startLines": "2,3,4,5,6,7,8,9,10,11,12,13,14,15,16,17,18,19,20,38,39",
                        "startColumns": "4,4,4,4,4,4,4,4,4,4,4,4,4,4,4,4,4,4,4,4,4",
                        "startOffsets": "105,219,327,450,558,667,751,854,973,1050,1127,1211,1315,1424,1525,1630,1744,1849,1969,4658,4742",
                        "endColumns": "113,107,122,107,108,83,102,118,76,76,83,103,108,100,104,113,104,119,98,83,100",
                        "endOffsets": "214,322,445,553,662,746,849,968,1045,1122,1206,1310,1419,1520,1625,1739,1844,1964,2063,4737,4838"
                    }
                },
                {
                    "source": "/Users/KAPIL/.gradle/caches/transforms-1/files-1.1/play-services-base-11.0.4.aar/5692b0b46a2e47e0c41ced148f3d8622/res/values-vi/values.xml",
                    "from": {
                        "startLines": "4,5,6,7,8,9,10,11,12,13,14,15,16,17,18,19",
                        "startColumns": "0,0,0,0,0,0,0,0,0,0,0,0,0,0,0,0",
                        "startOffsets": "283,383,577,700,805,1029,1157,1286,1526,1631,1823,1951,2169,2344,2438,2528",
                        "endColumns": "99,193,122,104,223,127,128,239,104,191,127,217,174,93,89,105",
                        "endOffsets": "382,576,699,804,1028,1156,1285,1525,1630,1822,1950,2168,2343,2437,2527,2633"
                    },
                    "to": {
                        "startLines": "21,22,23,24,25,26,27,29,30,31,32,33,34,35,36,37",
                        "startColumns": "4,4,4,4,4,4,4,4,4,4,4,4,4,4,4,4",
                        "startOffsets": "2068,2172,2366,2493,2602,2826,2958,3286,3526,3635,3827,3959,4177,4356,4454,4548",
                        "endColumns": "103,193,126,108,223,131,132,239,108,191,131,217,178,97,93,109",
                        "endOffsets": "2167,2361,2488,2597,2821,2953,3086,3521,3630,3822,3954,4172,4351,4449,4543,4653"
                    }
                }
            ]
        }
    ]
}