{
    "logs": [
        {
            "outputFile": "/Users/KAPIL/Desktop/TripLogger/app/build/intermediates/incremental/mergeDebugResources/merged.dir/values-gl-rES/values-gl-rES.xml",
            "map": [
                {
                    "source": "/Users/KAPIL/.gradle/caches/transforms-1/files-1.1/appcompat-v7-25.3.1.aar/3b099b4242a6e0bcbd38f380ab71a750/res/values-gl-rES/values-gl-rES.xml",
                    "from": {
                        "startLines": "2,3,4,5,6,7,8,9,10,11,12,13,14,15,16,17,18,19,20,21,22",
                        "startColumns": "4,4,4,4,4,4,4,4,4,4,4,4,4,4,4,4,4,4,4,4,4",
                        "startOffsets": "55,167,275,398,510,618,703,805,931,1015,1096,1178,1285,1394,1493,1601,1704,1811,1933,2033,2115",
                        "endColumns": "111,107,122,111,107,84,101,125,83,80,81,106,108,98,107,102,106,121,99,81,100",
                        "endOffsets": "162,270,393,505,613,698,800,926,1010,1091,1173,1280,1389,1488,1596,1699,1806,1928,2028,2110,2211"
                    }
                }
            ]
        }
    ]
}