{
    "logs": [
        {
            "outputFile": "/Users/KAPIL/Desktop/TripLogger/app/build/intermediates/incremental/mergeDebugResources/merged.dir/values-ja/values-ja.xml",
            "map": [
                {
                    "source": "/Users/KAPIL/.gradle/caches/transforms-1/files-1.1/play-services-base-11.0.4.aar/5692b0b46a2e47e0c41ced148f3d8622/res/values-ja/values.xml",
                    "from": {
                        "startLines": "4,5,6,7,8,9,10,11,12,13,14,15,16,17,18,19",
                        "startColumns": "0,0,0,0,0,0,0,0,0,0,0,0,0,0,0,0",
                        "startOffsets": "283,385,551,669,773,962,1080,1204,1395,1494,1658,1775,1954,2100,2186,2271",
                        "endColumns": "101,165,117,103,188,117,123,190,98,163,116,178,145,85,84,95",
                        "endOffsets": "384,550,668,772,961,1079,1203,1394,1493,1657,1774,1953,2099,2185,2270,2366"
                    },
                    "to": {
                        "startLines": "21,22,23,24,25,26,27,29,30,31,32,33,34,35,36,37",
                        "startColumns": "4,4,4,4,4,4,4,4,4,4,4,4,4,4,4,4",
                        "startOffsets": "1945,2051,2217,2339,2447,2636,2758,3067,3258,3361,3525,3646,3825,3975,4065,4154",
                        "endColumns": "105,165,121,107,188,121,127,190,102,163,120,178,149,89,88,99",
                        "endOffsets": "2046,2212,2334,2442,2631,2753,2881,3253,3356,3520,3641,3820,3970,4060,4149,4249"
                    }
                },
                {
                    "source": "/Users/KAPIL/.gradle/caches/transforms-1/files-1.1/appcompat-v7-25.3.1.aar/3b099b4242a6e0bcbd38f380ab71a750/res/values-ja/values-ja.xml",
                    "from": {
                        "startLines": "2,3,4,5,6,7,8,9,10,11,12,13,14,15,16,17,18,19,20,21,22",
                        "startColumns": "4,4,4,4,4,4,4,4,4,4,4,4,4,4,4,4,4,4,4,4,4",
                        "startOffsets": "55,152,259,380,473,578,660,758,866,943,1019,1097,1199,1298,1393,1496,1591,1687,1798,1895,1973",
                        "endColumns": "96,106,120,92,104,81,97,107,76,75,77,101,98,94,102,94,95,110,96,77,100",
                        "endOffsets": "147,254,375,468,573,655,753,861,938,1014,1092,1194,1293,1388,1491,1586,1682,1793,1890,1968,2069"
                    },
                    "to": {
                        "startLines": "2,3,4,5,6,7,8,9,10,11,12,13,14,15,16,17,18,19,20,38,39",
                        "startColumns": "4,4,4,4,4,4,4,4,4,4,4,4,4,4,4,4,4,4,4,4,4",
                        "startOffsets": "105,202,309,430,523,628,710,808,916,993,1069,1147,1249,1348,1443,1546,1641,1737,1848,4254,4332",
                        "endColumns": "96,106,120,92,104,81,97,107,76,75,77,101,98,94,102,94,95,110,96,77,100",
                        "endOffsets": "197,304,425,518,623,705,803,911,988,1064,1142,1244,1343,1438,1541,1636,1732,1843,1940,4327,4428"
                    }
                },
                {
                    "source": "/Users/KAPIL/.gradle/caches/transforms-1/files-1.1/play-services-basement-11.0.4.aar/8d20eaf0785dc42b2ca660ab87eb1c23/res/values-ja/values.xml",
                    "from": {
                        "startLines": "4",
                        "startColumns": "0",
                        "startOffsets": "285",
                        "endColumns": "180",
                        "endOffsets": "465"
                    },
                    "to": {
                        "startLines": "28",
                        "startColumns": "4",
                        "startOffsets": "2886",
                        "endColumns": "180",
                        "endOffsets": "3062"
                    }
                }
            ]
        }
    ]
}