{
    "logs": [
        {
            "outputFile": "/Users/KAPIL/Desktop/TripLogger/app/build/intermediates/incremental/mergeDebugResources/merged.dir/values-km/values-km.xml",
            "map": [
                {
                    "source": "/Users/KAPIL/.gradle/caches/transforms-1/files-1.1/play-services-base-11.0.4.aar/5692b0b46a2e47e0c41ced148f3d8622/res/values-km/values.xml",
                    "from": {
                        "startLines": "4,5,6,7,8,9,10,11,12,13,14,15,16,17,18,19",
                        "startColumns": "0,0,0,0,0,0,0,0,0,0,0,0,0,0,0,0",
                        "startOffsets": "283,383,570,689,792,1013,1135,1269,1486,1590,1792,1915,2119,2303,2393,2477",
                        "endColumns": "99,186,118,102,220,121,133,216,103,201,122,203,183,89,83,101",
                        "endOffsets": "382,569,688,791,1012,1134,1268,1485,1589,1791,1914,2118,2302,2392,2476,2578"
                    },
                    "to": {
                        "startLines": "2,3,4,5,6,7,8,10,11,12,13,14,15,16,17,18",
                        "startColumns": "4,4,4,4,4,4,4,4,4,4,4,4,4,4,4,4",
                        "startOffsets": "105,209,396,519,626,847,973,1319,1536,1644,1846,1973,2177,2365,2459,2547",
                        "endColumns": "103,186,122,106,220,125,137,216,107,201,126,203,187,93,87,105",
                        "endOffsets": "204,391,514,621,842,968,1106,1531,1639,1841,1968,2172,2360,2454,2542,2648"
                    }
                },
                {
                    "source": "/Users/KAPIL/.gradle/caches/transforms-1/files-1.1/play-services-basement-11.0.4.aar/8d20eaf0785dc42b2ca660ab87eb1c23/res/values-km/values.xml",
                    "from": {
                        "startLines": "4",
                        "startColumns": "0",
                        "startOffsets": "285",
                        "endColumns": "207",
                        "endOffsets": "492"
                    },
                    "to": {
                        "startLines": "9",
                        "startColumns": "4",
                        "startOffsets": "1111",
                        "endColumns": "207",
                        "endOffsets": "1314"
                    }
                }
            ]
        }
    ]
}