{
    "logs": [
        {
            "outputFile": "/Users/KAPIL/Desktop/TripLogger/app/build/intermediates/incremental/mergeDebugResources/merged.dir/values-bs/values-bs.xml",
            "map": [
                {
                    "source": "/Users/KAPIL/.gradle/caches/transforms-1/files-1.1/play-services-base-11.0.4.aar/5692b0b46a2e47e0c41ced148f3d8622/res/values-bs/values.xml",
                    "from": {
                        "startLines": "4,5,6,7,8,9,10,11,12,13,14,15,16,17,18,19",
                        "startColumns": "0,0,0,0,0,0,0,0,0,0,0,0,0,0,0,0",
                        "startOffsets": "283,387,579,703,811,1020,1144,1271,1484,1589,1781,1906,2115,2287,2381,2472",
                        "endColumns": "103,191,123,107,208,123,126,212,104,191,124,208,171,93,90,109",
                        "endOffsets": "386,578,702,810,1019,1143,1270,1483,1588,1780,1905,2114,2286,2380,2471,2581"
                    },
                    "to": {
                        "startLines": "2,3,4,5,6,7,8,10,11,12,13,14,15,16,17,18",
                        "startColumns": "4,4,4,4,4,4,4,4,4,4,4,4,4,4,4,4",
                        "startOffsets": "105,213,405,533,645,854,982,1313,1526,1635,1827,1956,2165,2341,2439,2534",
                        "endColumns": "107,191,127,111,208,127,130,212,108,191,128,208,175,97,94,113",
                        "endOffsets": "208,400,528,640,849,977,1108,1521,1630,1822,1951,2160,2336,2434,2529,2643"
                    }
                },
                {
                    "source": "/Users/KAPIL/.gradle/caches/transforms-1/files-1.1/play-services-basement-11.0.4.aar/8d20eaf0785dc42b2ca660ab87eb1c23/res/values-bs/values.xml",
                    "from": {
                        "startLines": "4",
                        "startColumns": "0",
                        "startOffsets": "285",
                        "endColumns": "199",
                        "endOffsets": "484"
                    },
                    "to": {
                        "startLines": "9",
                        "startColumns": "4",
                        "startOffsets": "1113",
                        "endColumns": "199",
                        "endOffsets": "1308"
                    }
                }
            ]
        }
    ]
}