{
    "logs": [
        {
            "outputFile": "/Users/KAPIL/Desktop/TripLogger/app/build/intermediates/incremental/mergeDebugResources/merged.dir/values-kn-rIN/values-kn-rIN.xml",
            "map": [
                {
                    "source": "/Users/KAPIL/.gradle/caches/transforms-1/files-1.1/appcompat-v7-25.3.1.aar/3b099b4242a6e0bcbd38f380ab71a750/res/values-kn-rIN/values-kn-rIN.xml",
                    "from": {
                        "startLines": "2,3,4,5,6,7,8,9,10,11,12,13,14,15,16,17,18,19,20,21,22",
                        "startColumns": "4,4,4,4,4,4,4,4,4,4,4,4,4,4,4,4,4,4,4,4,4",
                        "startOffsets": "55,173,281,404,516,629,717,824,951,1028,1105,1187,1303,1414,1513,1626,1730,1844,1970,2070,2152",
                        "endColumns": "117,107,122,111,112,87,106,126,76,76,81,115,110,98,112,103,113,125,99,81,100",
                        "endOffsets": "168,276,399,511,624,712,819,946,1023,1100,1182,1298,1409,1508,1621,1725,1839,1965,2065,2147,2248"
                    }
                }
            ]
        }
    ]
}