{
    "logs": [
        {
            "outputFile": "/Users/KAPIL/Desktop/TripLogger/app/build/intermediates/incremental/mergeDebugResources/merged.dir/values-mn-rMN/values-mn-rMN.xml",
            "map": [
                {
                    "source": "/Users/KAPIL/.gradle/caches/transforms-1/files-1.1/appcompat-v7-25.3.1.aar/3b099b4242a6e0bcbd38f380ab71a750/res/values-mn-rMN/values-mn-rMN.xml",
                    "from": {
                        "startLines": "2,3,4,5,6,7,8,9,10,11,12,13,14,15,16,17,18,19,20,21,22",
                        "startColumns": "4,4,4,4,4,4,4,4,4,4,4,4,4,4,4,4,4,4,4,4,4",
                        "startOffsets": "55,168,276,399,499,612,699,805,917,999,1081,1163,1272,1376,1473,1581,1682,1785,1907,2004,2085",
                        "endColumns": "112,107,122,99,112,86,105,111,81,81,81,108,103,96,107,100,102,121,96,80,100",
                        "endOffsets": "163,271,394,494,607,694,800,912,994,1076,1158,1267,1371,1468,1576,1677,1780,1902,1999,2080,2181"
                    }
                }
            ]
        }
    ]
}