{
    "logs": [
        {
            "outputFile": "/Users/KAPIL/Desktop/TripLogger/app/build/intermediates/incremental/mergeDebugResources/merged.dir/values-de/values-de.xml",
            "map": [
                {
                    "source": "/Users/KAPIL/.gradle/caches/transforms-1/files-1.1/play-services-basement-11.0.4.aar/8d20eaf0785dc42b2ca660ab87eb1c23/res/values-de/values.xml",
                    "from": {
                        "startLines": "4",
                        "startColumns": "0",
                        "startOffsets": "285",
                        "endColumns": "203",
                        "endOffsets": "488"
                    },
                    "to": {
                        "startLines": "28",
                        "startColumns": "4",
                        "startOffsets": "3118",
                        "endColumns": "203",
                        "endOffsets": "3317"
                    }
                },
                {
                    "source": "/Users/KAPIL/.gradle/caches/transforms-1/files-1.1/play-services-base-11.0.4.aar/5692b0b46a2e47e0c41ced148f3d8622/res/values-de/values.xml",
                    "from": {
                        "startLines": "4,5,6,7,8,9,10,11,12,13,14,15,16,17,18,19",
                        "startColumns": "0,0,0,0,0,0,0,0,0,0,0,0,0,0,0,0",
                        "startOffsets": "283,390,586,712,822,1059,1188,1332,1571,1681,1881,2010,2231,2433,2530,2619",
                        "endColumns": "106,195,125,109,236,128,143,238,109,199,128,220,201,96,88,104",
                        "endOffsets": "389,585,711,821,1058,1187,1331,1570,1680,1880,2009,2230,2432,2529,2618,2723"
                    },
                    "to": {
                        "startLines": "21,22,23,24,25,26,27,29,30,31,32,33,34,35,36,37",
                        "startColumns": "4,4,4,4,4,4,4,4,4,4,4,4,4,4,4,4",
                        "startOffsets": "2049,2160,2356,2486,2600,2837,2970,3322,3561,3675,3875,4008,4229,4435,4536,4629",
                        "endColumns": "110,195,129,113,236,132,147,238,113,199,132,220,205,100,92,108",
                        "endOffsets": "2155,2351,2481,2595,2832,2965,3113,3556,3670,3870,4003,4224,4430,4531,4624,4733"
                    }
                },
                {
                    "source": "/Users/KAPIL/.gradle/caches/transforms-1/files-1.1/appcompat-v7-25.3.1.aar/3b099b4242a6e0bcbd38f380ab71a750/res/values-de/values-de.xml",
                    "from": {
                        "startLines": "2,3,4,5,6,7,8,9,10,11,12,13,14,15,16,17,18,19,20,21,22",
                        "startColumns": "4,4,4,4,4,4,4,4,4,4,4,4,4,4,4,4,4,4,4,4,4",
                        "startOffsets": "55,160,268,391,489,601,687,792,907,984,1060,1142,1253,1356,1455,1566,1668,1775,1897,1999,2081",
                        "endColumns": "104,107,122,97,111,85,104,114,76,75,81,110,102,98,110,101,106,121,101,81,100",
                        "endOffsets": "155,263,386,484,596,682,787,902,979,1055,1137,1248,1351,1450,1561,1663,1770,1892,1994,2076,2177"
                    },
                    "to": {
                        "startLines": "2,3,4,5,6,7,8,9,10,11,12,13,14,15,16,17,18,19,20,38,39",
                        "startColumns": "4,4,4,4,4,4,4,4,4,4,4,4,4,4,4,4,4,4,4,4,4",
                        "startOffsets": "105,210,318,441,539,651,737,842,957,1034,1110,1192,1303,1406,1505,1616,1718,1825,1947,4738,4820",
                        "endColumns": "104,107,122,97,111,85,104,114,76,75,81,110,102,98,110,101,106,121,101,81,100",
                        "endOffsets": "205,313,436,534,646,732,837,952,1029,1105,1187,1298,1401,1500,1611,1713,1820,1942,2044,4815,4916"
                    }
                }
            ]
        }
    ]
}