{
    "logs": [
        {
            "outputFile": "/Users/KAPIL/Desktop/TripLogger/app/build/intermediates/incremental/mergeDebugResources/merged.dir/values-hy/values-hy.xml",
            "map": [
                {
                    "source": "/Users/KAPIL/.gradle/caches/transforms-1/files-1.1/play-services-base-11.0.4.aar/5692b0b46a2e47e0c41ced148f3d8622/res/values-hy/values.xml",
                    "from": {
                        "startLines": "4,5,6,7,8,9,10,11,12,13,14,15,16,17,18,19",
                        "startColumns": "0,0,0,0,0,0,0,0,0,0,0,0,0,0,0,0",
                        "startOffsets": "283,387,584,716,822,1035,1169,1307,1533,1639,1838,1972,2193,2385,2476,2569",
                        "endColumns": "103,196,131,105,212,133,137,225,105,198,133,220,191,90,92,106",
                        "endOffsets": "386,583,715,821,1034,1168,1306,1532,1638,1837,1971,2192,2384,2475,2568,2675"
                    },
                    "to": {
                        "startLines": "2,3,4,5,6,7,8,10,11,12,13,14,15,16,17,18",
                        "startColumns": "4,4,4,4,4,4,4,4,4,4,4,4,4,4,4,4",
                        "startOffsets": "105,213,410,546,656,869,1007,1359,1585,1695,1894,2032,2253,2449,2544,2641",
                        "endColumns": "107,196,135,109,212,137,141,225,109,198,137,220,195,94,96,110",
                        "endOffsets": "208,405,541,651,864,1002,1144,1580,1690,1889,2027,2248,2444,2539,2636,2747"
                    }
                },
                {
                    "source": "/Users/KAPIL/.gradle/caches/transforms-1/files-1.1/play-services-basement-11.0.4.aar/8d20eaf0785dc42b2ca660ab87eb1c23/res/values-hy/values.xml",
                    "from": {
                        "startLines": "4",
                        "startColumns": "0",
                        "startOffsets": "285",
                        "endColumns": "209",
                        "endOffsets": "494"
                    },
                    "to": {
                        "startLines": "9",
                        "startColumns": "4",
                        "startOffsets": "1149",
                        "endColumns": "209",
                        "endOffsets": "1354"
                    }
                }
            ]
        }
    ]
}