{
    "logs": [
        {
            "outputFile": "/Users/KAPIL/Desktop/TripLogger/app/build/intermediates/incremental/mergeDebugResources/merged.dir/values-hi/values-hi.xml",
            "map": [
                {
                    "source": "/Users/KAPIL/.gradle/caches/transforms-1/files-1.1/play-services-base-11.0.4.aar/5692b0b46a2e47e0c41ced148f3d8622/res/values-hi/values.xml",
                    "from": {
                        "startLines": "4,5,6,7,8,9,10,11,12,13,14,15,16,17,18,19",
                        "startColumns": "0,0,0,0,0,0,0,0,0,0,0,0,0,0,0,0",
                        "startOffsets": "283,390,593,718,828,1038,1166,1294,1513,1620,1817,1945,2153,2333,2422,2514",
                        "endColumns": "106,202,124,109,209,127,127,218,106,196,127,207,179,88,91,109",
                        "endOffsets": "389,592,717,827,1037,1165,1293,1512,1619,1816,1944,2152,2332,2421,2513,2623"
                    },
                    "to": {
                        "startLines": "21,22,23,24,25,26,27,29,30,31,32,33,34,35,36,37",
                        "startColumns": "4,4,4,4,4,4,4,4,4,4,4,4,4,4,4,4",
                        "startOffsets": "2084,2195,2398,2527,2641,2851,2983,3321,3540,3651,3848,3980,4188,4372,4465,4561",
                        "endColumns": "110,202,128,113,209,131,131,218,110,196,131,207,183,92,95,113",
                        "endOffsets": "2190,2393,2522,2636,2846,2978,3110,3535,3646,3843,3975,4183,4367,4460,4556,4670"
                    }
                },
                {
                    "source": "/Users/KAPIL/.gradle/caches/transforms-1/files-1.1/appcompat-v7-25.3.1.aar/3b099b4242a6e0bcbd38f380ab71a750/res/values-hi/values-hi.xml",
                    "from": {
                        "startLines": "2,3,4,5,6,7,8,9,10,11,12,13,14,15,16,17,18,19,20,21,22",
                        "startColumns": "4,4,4,4,4,4,4,4,4,4,4,4,4,4,4,4,4,4,4,4,4",
                        "startOffsets": "55,172,280,403,508,615,700,802,924,1001,1079,1169,1278,1380,1478,1588,1688,1803,1928,2034,2113",
                        "endColumns": "116,107,122,104,106,84,101,121,76,77,89,108,101,97,109,99,114,124,105,78,100",
                        "endOffsets": "167,275,398,503,610,695,797,919,996,1074,1164,1273,1375,1473,1583,1683,1798,1923,2029,2108,2209"
                    },
                    "to": {
                        "startLines": "2,3,4,5,6,7,8,9,10,11,12,13,14,15,16,17,18,19,20,38,39",
                        "startColumns": "4,4,4,4,4,4,4,4,4,4,4,4,4,4,4,4,4,4,4,4,4",
                        "startOffsets": "105,222,330,453,558,665,750,852,974,1051,1129,1219,1328,1430,1528,1638,1738,1853,1978,4675,4754",
                        "endColumns": "116,107,122,104,106,84,101,121,76,77,89,108,101,97,109,99,114,124,105,78,100",
                        "endOffsets": "217,325,448,553,660,745,847,969,1046,1124,1214,1323,1425,1523,1633,1733,1848,1973,2079,4749,4850"
                    }
                },
                {
                    "source": "/Users/KAPIL/.gradle/caches/transforms-1/files-1.1/play-services-basement-11.0.4.aar/8d20eaf0785dc42b2ca660ab87eb1c23/res/values-hi/values.xml",
                    "from": {
                        "startLines": "4",
                        "startColumns": "0",
                        "startOffsets": "285",
                        "endColumns": "205",
                        "endOffsets": "490"
                    },
                    "to": {
                        "startLines": "28",
                        "startColumns": "4",
                        "startOffsets": "3115",
                        "endColumns": "205",
                        "endOffsets": "3316"
                    }
                }
            ]
        }
    ]
}