{
    "logs": [
        {
            "outputFile": "/Users/KAPIL/Desktop/TripLogger/app/build/intermediates/incremental/mergeDebugResources/merged.dir/values-be/values-be.xml",
            "map": [
                {
                    "source": "/Users/KAPIL/.gradle/caches/transforms-1/files-1.1/play-services-basement-11.0.4.aar/8d20eaf0785dc42b2ca660ab87eb1c23/res/values-be/values.xml",
                    "from": {
                        "startLines": "4",
                        "startColumns": "0",
                        "startOffsets": "285",
                        "endColumns": "204",
                        "endOffsets": "489"
                    },
                    "to": {
                        "startLines": "9",
                        "startColumns": "4",
                        "startOffsets": "1122",
                        "endColumns": "204",
                        "endOffsets": "1322"
                    }
                },
                {
                    "source": "/Users/KAPIL/.gradle/caches/transforms-1/files-1.1/play-services-base-11.0.4.aar/5692b0b46a2e47e0c41ced148f3d8622/res/values-be/values.xml",
                    "from": {
                        "startLines": "4,5,6,7,8,9,10,11,12,13,14,15,16,17,18,19",
                        "startColumns": "0,0,0,0,0,0,0,0,0,0,0,0,0,0,0,0",
                        "startOffsets": "283,388,582,705,813,1027,1151,1280,1501,1606,1800,1926,2138,2323,2418,2506",
                        "endColumns": "104,193,122,107,213,123,128,220,104,193,125,211,184,94,87,103",
                        "endOffsets": "387,581,704,812,1026,1150,1279,1500,1605,1799,1925,2137,2322,2417,2505,2609"
                    },
                    "to": {
                        "startLines": "2,3,4,5,6,7,8,10,11,12,13,14,15,16,17,18",
                        "startColumns": "4,4,4,4,4,4,4,4,4,4,4,4,4,4,4,4",
                        "startOffsets": "105,214,408,535,647,861,989,1327,1548,1657,1851,1981,2193,2382,2481,2573",
                        "endColumns": "108,193,126,111,213,127,132,220,108,193,129,211,188,98,91,107",
                        "endOffsets": "209,403,530,642,856,984,1117,1543,1652,1846,1976,2188,2377,2476,2568,2676"
                    }
                }
            ]
        }
    ]
}