{
    "logs": [
        {
            "outputFile": "/Users/KAPIL/Desktop/TripLogger/app/build/intermediates/incremental/mergeDebugResources/merged.dir/values-zh-rTW/values-zh-rTW.xml",
            "map": [
                {
                    "source": "/Users/KAPIL/.gradle/caches/transforms-1/files-1.1/appcompat-v7-25.3.1.aar/3b099b4242a6e0bcbd38f380ab71a750/res/values-zh-rTW/values-zh-rTW.xml",
                    "from": {
                        "startLines": "2,3,4,5,6,7,8,9,10,11,12,13,14,15,16,17,18,19,20,21,22",
                        "startColumns": "4,4,4,4,4,4,4,4,4,4,4,4,4,4,4,4,4,4,4,4,4",
                        "startOffsets": "55,150,257,380,473,573,655,752,860,936,1012,1090,1186,1282,1377,1474,1569,1669,1782,1876,1954",
                        "endColumns": "94,106,122,92,99,81,96,107,75,75,77,95,95,94,96,94,99,112,93,77,100",
                        "endOffsets": "145,252,375,468,568,650,747,855,931,1007,1085,1181,1277,1372,1469,1564,1664,1777,1871,1949,2050"
                    },
                    "to": {
                        "startLines": "2,3,4,5,6,7,8,9,10,11,12,13,14,15,16,17,18,19,20,38,39",
                        "startColumns": "4,4,4,4,4,4,4,4,4,4,4,4,4,4,4,4,4,4,4,4,4",
                        "startOffsets": "105,200,307,430,523,623,705,802,910,986,1062,1140,1236,1332,1427,1524,1619,1719,1832,4104,4182",
                        "endColumns": "94,106,122,92,99,81,96,107,75,75,77,95,95,94,96,94,99,112,93,77,100",
                        "endOffsets": "195,302,425,518,618,700,797,905,981,1057,1135,1231,1327,1422,1519,1614,1714,1827,1921,4177,4278"
                    }
                },
                {
                    "source": "/Users/KAPIL/.gradle/caches/transforms-1/files-1.1/play-services-base-11.0.4.aar/5692b0b46a2e47e0c41ced148f3d8622/res/values-zh-rTW/values.xml",
                    "from": {
                        "startLines": "4,5,6,7,8,9,10,11,12,13,14,15,16,17,18,19",
                        "startColumns": "0,0,0,0,0,0,0,0,0,0,0,0,0,0,0,0",
                        "startOffsets": "287,386,546,659,759,925,1039,1159,1328,1427,1587,1700,1861,1995,2077,2160",
                        "endColumns": "98,159,112,99,165,113,119,168,98,159,112,160,133,81,82,98",
                        "endOffsets": "385,545,658,758,924,1038,1158,1327,1426,1586,1699,1860,1994,2076,2159,2258"
                    },
                    "to": {
                        "startLines": "21,22,23,24,25,26,27,29,30,31,32,33,34,35,36,37",
                        "startColumns": "4,4,4,4,4,4,4,4,4,4,4,4,4,4,4,4",
                        "startOffsets": "1926,2029,2189,2306,2410,2576,2694,2980,3149,3252,3412,3529,3690,3828,3914,4001",
                        "endColumns": "102,159,116,103,165,117,123,168,102,159,116,160,137,85,86,102",
                        "endOffsets": "2024,2184,2301,2405,2571,2689,2813,3144,3247,3407,3524,3685,3823,3909,3996,4099"
                    }
                },
                {
                    "source": "/Users/KAPIL/.gradle/caches/transforms-1/files-1.1/play-services-basement-11.0.4.aar/8d20eaf0785dc42b2ca660ab87eb1c23/res/values-zh-rTW/values.xml",
                    "from": {
                        "startLines": "4",
                        "startColumns": "0",
                        "startOffsets": "289",
                        "endColumns": "161",
                        "endOffsets": "450"
                    },
                    "to": {
                        "startLines": "28",
                        "startColumns": "4",
                        "startOffsets": "2818",
                        "endColumns": "161",
                        "endOffsets": "2975"
                    }
                }
            ]
        }
    ]
}