{
    "logs": [
        {
            "outputFile": "/Users/KAPIL/Desktop/TripLogger/app/build/intermediates/incremental/mergeDebugResources/merged.dir/values-ka/values-ka.xml",
            "map": [
                {
                    "source": "/Users/KAPIL/.gradle/caches/transforms-1/files-1.1/play-services-base-11.0.4.aar/5692b0b46a2e47e0c41ced148f3d8622/res/values-ka/values.xml",
                    "from": {
                        "startLines": "4,5,6,7,8,9,10,11,12,13,14,15,16,17,18,19",
                        "startColumns": "0,0,0,0,0,0,0,0,0,0,0,0,0,0,0,0",
                        "startOffsets": "283,386,567,693,801,1014,1146,1279,1511,1617,1803,1929,2149,2314,2406,2493",
                        "endColumns": "102,180,125,107,212,131,132,231,105,185,125,219,164,91,86,100",
                        "endOffsets": "385,566,692,800,1013,1145,1278,1510,1616,1802,1928,2148,2313,2405,2492,2593"
                    },
                    "to": {
                        "startLines": "2,3,4,5,6,7,8,10,11,12,13,14,15,16,17,18",
                        "startColumns": "4,4,4,4,4,4,4,4,4,4,4,4,4,4,4,4",
                        "startOffsets": "105,212,393,523,635,848,984,1323,1555,1665,1851,1981,2201,2370,2466,2557",
                        "endColumns": "106,180,129,111,212,135,136,231,109,185,129,219,168,95,90,104",
                        "endOffsets": "207,388,518,630,843,979,1116,1550,1660,1846,1976,2196,2365,2461,2552,2657"
                    }
                },
                {
                    "source": "/Users/KAPIL/.gradle/caches/transforms-1/files-1.1/play-services-basement-11.0.4.aar/8d20eaf0785dc42b2ca660ab87eb1c23/res/values-ka/values.xml",
                    "from": {
                        "startLines": "4",
                        "startColumns": "0",
                        "startOffsets": "285",
                        "endColumns": "201",
                        "endOffsets": "486"
                    },
                    "to": {
                        "startLines": "9",
                        "startColumns": "4",
                        "startOffsets": "1121",
                        "endColumns": "201",
                        "endOffsets": "1318"
                    }
                }
            ]
        }
    ]
}