{
    "logs": [
        {
            "outputFile": "/Users/KAPIL/Desktop/TripLogger/app/build/intermediates/incremental/mergeDebugResources/merged.dir/values-ro/values-ro.xml",
            "map": [
                {
                    "source": "/Users/KAPIL/.gradle/caches/transforms-1/files-1.1/appcompat-v7-25.3.1.aar/3b099b4242a6e0bcbd38f380ab71a750/res/values-ro/values-ro.xml",
                    "from": {
                        "startLines": "2,3,4,5,6,7,8,9,10,11,12,13,14,15,16,17,18,19,20,21,22",
                        "startColumns": "4,4,4,4,4,4,4,4,4,4,4,4,4,4,4,4,4,4,4,4,4",
                        "startOffsets": "55,176,284,407,511,624,712,824,945,1030,1112,1195,1307,1420,1520,1634,1739,1845,1966,2069,2152",
                        "endColumns": "120,107,122,103,112,87,111,120,84,81,82,111,112,99,113,104,105,120,102,82,100",
                        "endOffsets": "171,279,402,506,619,707,819,940,1025,1107,1190,1302,1415,1515,1629,1734,1840,1961,2064,2147,2248"
                    },
                    "to": {
                        "startLines": "2,3,4,5,6,7,8,9,10,11,12,13,14,15,16,17,18,19,20,38,39",
                        "startColumns": "4,4,4,4,4,4,4,4,4,4,4,4,4,4,4,4,4,4,4,4,4",
                        "startOffsets": "105,226,334,457,561,674,762,874,995,1080,1162,1245,1357,1470,1570,1684,1789,1895,2016,4715,4798",
                        "endColumns": "120,107,122,103,112,87,111,120,84,81,82,111,112,99,113,104,105,120,102,82,100",
                        "endOffsets": "221,329,452,556,669,757,869,990,1075,1157,1240,1352,1465,1565,1679,1784,1890,2011,2114,4793,4894"
                    }
                },
                {
                    "source": "/Users/KAPIL/.gradle/caches/transforms-1/files-1.1/play-services-base-11.0.4.aar/5692b0b46a2e47e0c41ced148f3d8622/res/values-ro/values.xml",
                    "from": {
                        "startLines": "4,5,6,7,8,9,10,11,12,13,14,15,16,17,18,19",
                        "startColumns": "0,0,0,0,0,0,0,0,0,0,0,0,0,0,0,0",
                        "startOffsets": "283,388,580,707,814,1024,1154,1288,1509,1617,1807,1937,2142,2334,2431,2524",
                        "endColumns": "104,191,126,106,209,129,133,220,107,189,129,204,191,96,92,106",
                        "endOffsets": "387,579,706,813,1023,1153,1287,1508,1616,1806,1936,2141,2333,2430,2523,2630"
                    },
                    "to": {
                        "startLines": "21,22,23,24,25,26,27,29,30,31,32,33,34,35,36,37",
                        "startColumns": "4,4,4,4,4,4,4,4,4,4,4,4,4,4,4,4",
                        "startOffsets": "2119,2228,2420,2551,2662,2872,3006,3348,3569,3681,3871,4005,4210,4406,4507,4604",
                        "endColumns": "108,191,130,110,209,133,137,220,111,189,133,204,195,100,96,110",
                        "endOffsets": "2223,2415,2546,2657,2867,3001,3139,3564,3676,3866,4000,4205,4401,4502,4599,4710"
                    }
                },
                {
                    "source": "/Users/KAPIL/.gradle/caches/transforms-1/files-1.1/play-services-basement-11.0.4.aar/8d20eaf0785dc42b2ca660ab87eb1c23/res/values-ro/values.xml",
                    "from": {
                        "startLines": "4",
                        "startColumns": "0",
                        "startOffsets": "285",
                        "endColumns": "203",
                        "endOffsets": "488"
                    },
                    "to": {
                        "startLines": "28",
                        "startColumns": "4",
                        "startOffsets": "3144",
                        "endColumns": "203",
                        "endOffsets": "3343"
                    }
                }
            ]
        }
    ]
}