{
    "logs": [
        {
            "outputFile": "/Users/KAPIL/Desktop/TripLogger/app/build/intermediates/incremental/mergeDebugResources/merged.dir/values-az/values-az.xml",
            "map": [
                {
                    "source": "/Users/KAPIL/.gradle/caches/transforms-1/files-1.1/play-services-base-11.0.4.aar/5692b0b46a2e47e0c41ced148f3d8622/res/values-az/values.xml",
                    "from": {
                        "startLines": "4,5,6,7,8,9,10,11,12,13,14,15,16,17,18,19",
                        "startColumns": "0,0,0,0,0,0,0,0,0,0,0,0,0,0,0,0",
                        "startOffsets": "283,390,577,708,816,1021,1152,1283,1508,1616,1796,1931,2134,2316,2406,2497",
                        "endColumns": "106,186,130,107,204,130,130,224,107,179,134,202,181,89,90,105",
                        "endOffsets": "389,576,707,815,1020,1151,1282,1507,1615,1795,1930,2133,2315,2405,2496,2602"
                    },
                    "to": {
                        "startLines": "2,3,4,5,6,7,8,10,11,12,13,14,15,16,17,18",
                        "startColumns": "4,4,4,4,4,4,4,4,4,4,4,4,4,4,4,4",
                        "startOffsets": "105,216,403,538,650,855,990,1346,1571,1683,1863,2002,2205,2391,2485,2580",
                        "endColumns": "110,186,134,111,204,134,134,224,111,179,138,202,185,93,94,109",
                        "endOffsets": "211,398,533,645,850,985,1120,1566,1678,1858,1997,2200,2386,2480,2575,2685"
                    }
                },
                {
                    "source": "/Users/KAPIL/.gradle/caches/transforms-1/files-1.1/play-services-basement-11.0.4.aar/8d20eaf0785dc42b2ca660ab87eb1c23/res/values-az/values.xml",
                    "from": {
                        "startLines": "4",
                        "startColumns": "0",
                        "startOffsets": "285",
                        "endColumns": "220",
                        "endOffsets": "505"
                    },
                    "to": {
                        "startLines": "9",
                        "startColumns": "4",
                        "startOffsets": "1125",
                        "endColumns": "220",
                        "endOffsets": "1341"
                    }
                }
            ]
        }
    ]
}