{
    "logs": [
        {
            "outputFile": "/Users/KAPIL/Desktop/TripLogger/app/build/intermediates/incremental/mergeDebugResources/merged.dir/values-fr/values-fr.xml",
            "map": [
                {
                    "source": "/Users/KAPIL/.gradle/caches/transforms-1/files-1.1/play-services-base-11.0.4.aar/5692b0b46a2e47e0c41ced148f3d8622/res/values-fr/values.xml",
                    "from": {
                        "startLines": "4,5,6,7,8,9,10,11,12,13,14,15,16,17,18,19",
                        "startColumns": "0,0,0,0,0,0,0,0,0,0,0,0,0,0,0,0",
                        "startOffsets": "283,387,599,727,834,1064,1195,1333,1570,1680,1896,2030,2249,2454,2553,2646",
                        "endColumns": "103,211,127,106,229,130,137,236,109,215,133,218,204,98,92,108",
                        "endOffsets": "386,598,726,833,1063,1194,1332,1569,1679,1895,2029,2248,2453,2552,2645,2754"
                    },
                    "to": {
                        "startLines": "21,22,23,24,25,26,27,29,30,31,32,33,34,35,36,37",
                        "startColumns": "4,4,4,4,4,4,4,4,4,4,4,4,4,4,4,4",
                        "startOffsets": "2111,2219,2431,2563,2674,2904,3039,3405,3642,3756,3972,4110,4329,4538,4641,4738",
                        "endColumns": "107,211,131,110,229,134,141,236,113,215,137,218,208,102,96,112",
                        "endOffsets": "2214,2426,2558,2669,2899,3034,3176,3637,3751,3967,4105,4324,4533,4636,4733,4846"
                    }
                },
                {
                    "source": "/Users/KAPIL/.gradle/caches/transforms-1/files-1.1/play-services-basement-11.0.4.aar/8d20eaf0785dc42b2ca660ab87eb1c23/res/values-fr/values.xml",
                    "from": {
                        "startLines": "4",
                        "startColumns": "0",
                        "startOffsets": "285",
                        "endColumns": "223",
                        "endOffsets": "508"
                    },
                    "to": {
                        "startLines": "28",
                        "startColumns": "4",
                        "startOffsets": "3181",
                        "endColumns": "223",
                        "endOffsets": "3400"
                    }
                },
                {
                    "source": "/Users/KAPIL/.gradle/caches/transforms-1/files-1.1/appcompat-v7-25.3.1.aar/3b099b4242a6e0bcbd38f380ab71a750/res/values-fr/values-fr.xml",
                    "from": {
                        "startLines": "2,3,4,5,6,7,8,9,10,11,12,13,14,15,16,17,18,19,20,21,22",
                        "startColumns": "4,4,4,4,4,4,4,4,4,4,4,4,4,4,4,4,4,4,4,4,4",
                        "startOffsets": "55,166,274,397,512,623,705,811,941,1024,1104,1190,1300,1412,1515,1626,1733,1840,1962,2061,2147",
                        "endColumns": "110,107,122,114,110,81,105,129,82,79,85,109,111,102,110,106,106,121,98,85,100",
                        "endOffsets": "161,269,392,507,618,700,806,936,1019,1099,1185,1295,1407,1510,1621,1728,1835,1957,2056,2142,2243"
                    },
                    "to": {
                        "startLines": "2,3,4,5,6,7,8,9,10,11,12,13,14,15,16,17,18,19,20,38,39",
                        "startColumns": "4,4,4,4,4,4,4,4,4,4,4,4,4,4,4,4,4,4,4,4,4",
                        "startOffsets": "105,216,324,447,562,673,755,861,991,1074,1154,1240,1350,1462,1565,1676,1783,1890,2012,4851,4937",
                        "endColumns": "110,107,122,114,110,81,105,129,82,79,85,109,111,102,110,106,106,121,98,85,100",
                        "endOffsets": "211,319,442,557,668,750,856,986,1069,1149,1235,1345,1457,1560,1671,1778,1885,2007,2106,4932,5033"
                    }
                }
            ]
        }
    ]
}