{
    "logs": [
        {
            "outputFile": "/Users/KAPIL/Desktop/TripLogger/app/build/intermediates/incremental/mergeDebugResources/merged.dir/values-ru/values-ru.xml",
            "map": [
                {
                    "source": "/Users/KAPIL/.gradle/caches/transforms-1/files-1.1/play-services-base-11.0.4.aar/5692b0b46a2e47e0c41ced148f3d8622/res/values-ru/values.xml",
                    "from": {
                        "startLines": "4,5,6,7,8,9,10,11,12,13,14,15,16,17,18,19",
                        "startColumns": "0,0,0,0,0,0,0,0,0,0,0,0,0,0,0,0",
                        "startOffsets": "283,388,586,710,818,1019,1146,1275,1515,1620,1814,1938,2164,2348,2443,2529",
                        "endColumns": "104,197,123,107,200,126,128,239,104,193,123,225,183,94,85,110",
                        "endOffsets": "387,585,709,817,1018,1145,1274,1514,1619,1813,1937,2163,2347,2442,2528,2639"
                    },
                    "to": {
                        "startLines": "21,22,23,24,25,26,27,29,30,31,32,33,34,35,36,37",
                        "startColumns": "4,4,4,4,4,4,4,4,4,4,4,4,4,4,4,4",
                        "startOffsets": "2084,2193,2391,2519,2631,2832,2963,3312,3552,3661,3855,3983,4209,4397,4496,4586",
                        "endColumns": "108,197,127,111,200,130,132,239,108,193,127,225,187,98,89,114",
                        "endOffsets": "2188,2386,2514,2626,2827,2958,3091,3547,3656,3850,3978,4204,4392,4491,4581,4696"
                    }
                },
                {
                    "source": "/Users/KAPIL/.gradle/caches/transforms-1/files-1.1/play-services-basement-11.0.4.aar/8d20eaf0785dc42b2ca660ab87eb1c23/res/values-ru/values.xml",
                    "from": {
                        "startLines": "4",
                        "startColumns": "0",
                        "startOffsets": "285",
                        "endColumns": "215",
                        "endOffsets": "500"
                    },
                    "to": {
                        "startLines": "28",
                        "startColumns": "4",
                        "startOffsets": "3096",
                        "endColumns": "215",
                        "endOffsets": "3307"
                    }
                },
                {
                    "source": "/Users/KAPIL/.gradle/caches/transforms-1/files-1.1/appcompat-v7-25.3.1.aar/3b099b4242a6e0bcbd38f380ab71a750/res/values-ru/values-ru.xml",
                    "from": {
                        "startLines": "2,3,4,5,6,7,8,9,10,11,12,13,14,15,16,17,18,19,20,21,22",
                        "startColumns": "4,4,4,4,4,4,4,4,4,4,4,4,4,4,4,4,4,4,4,4,4",
                        "startOffsets": "55,170,278,401,503,615,701,806,926,1005,1083,1163,1269,1377,1475,1584,1690,1798,1934,2034,2115",
                        "endColumns": "114,107,122,101,111,85,104,119,78,77,79,105,107,97,108,105,107,135,99,80,100",
                        "endOffsets": "165,273,396,498,610,696,801,921,1000,1078,1158,1264,1372,1470,1579,1685,1793,1929,2029,2110,2211"
                    },
                    "to": {
                        "startLines": "2,3,4,5,6,7,8,9,10,11,12,13,14,15,16,17,18,19,20,38,39",
                        "startColumns": "4,4,4,4,4,4,4,4,4,4,4,4,4,4,4,4,4,4,4,4,4",
                        "startOffsets": "105,220,328,451,553,665,751,856,976,1055,1133,1213,1319,1427,1525,1634,1740,1848,1984,4701,4782",
                        "endColumns": "114,107,122,101,111,85,104,119,78,77,79,105,107,97,108,105,107,135,99,80,100",
                        "endOffsets": "215,323,446,548,660,746,851,971,1050,1128,1208,1314,1422,1520,1629,1735,1843,1979,2079,4777,4878"
                    }
                }
            ]
        }
    ]
}