{
    "logs": [
        {
            "outputFile": "/Users/KAPIL/Desktop/TripLogger/app/build/intermediates/incremental/mergeDebugResources/merged.dir/values-tr/values-tr.xml",
            "map": [
                {
                    "source": "/Users/KAPIL/.gradle/caches/transforms-1/files-1.1/appcompat-v7-25.3.1.aar/3b099b4242a6e0bcbd38f380ab71a750/res/values-tr/values-tr.xml",
                    "from": {
                        "startLines": "2,3,4,5,6,7,8,9,10,11,12,13,14,15,16,17,18,19,20,21,22",
                        "startColumns": "4,4,4,4,4,4,4,4,4,4,4,4,4,4,4,4,4,4,4,4,4",
                        "startOffsets": "55,160,268,391,490,602,687,793,913,992,1068,1147,1254,1359,1455,1562,1664,1772,1891,1989,2068",
                        "endColumns": "104,107,122,98,111,84,105,119,78,75,78,106,104,95,106,101,107,118,97,78,100",
                        "endOffsets": "155,263,386,485,597,682,788,908,987,1063,1142,1249,1354,1450,1557,1659,1767,1886,1984,2063,2164"
                    },
                    "to": {
                        "startLines": "2,3,4,5,6,7,8,9,10,11,12,13,14,15,16,17,18,19,20,38,39",
                        "startColumns": "4,4,4,4,4,4,4,4,4,4,4,4,4,4,4,4,4,4,4,4,4",
                        "startOffsets": "105,210,318,441,540,652,737,843,963,1042,1118,1197,1304,1409,1505,1612,1714,1822,1941,4622,4701",
                        "endColumns": "104,107,122,98,111,84,105,119,78,75,78,106,104,95,106,101,107,118,97,78,100",
                        "endOffsets": "205,313,436,535,647,732,838,958,1037,1113,1192,1299,1404,1500,1607,1709,1817,1936,2034,4696,4797"
                    }
                },
                {
                    "source": "/Users/KAPIL/.gradle/caches/transforms-1/files-1.1/play-services-base-11.0.4.aar/5692b0b46a2e47e0c41ced148f3d8622/res/values-tr/values.xml",
                    "from": {
                        "startLines": "4,5,6,7,8,9,10,11,12,13,14,15,16,17,18,19",
                        "startColumns": "0,0,0,0,0,0,0,0,0,0,0,0,0,0,0,0",
                        "startOffsets": "283,391,578,712,815,1021,1149,1280,1511,1616,1804,1936,2140,2333,2421,2511",
                        "endColumns": "107,186,133,102,205,127,130,230,104,187,131,203,192,87,89,104",
                        "endOffsets": "390,577,711,814,1020,1148,1279,1510,1615,1803,1935,2139,2332,2420,2510,2615"
                    },
                    "to": {
                        "startLines": "21,22,23,24,25,26,27,29,30,31,32,33,34,35,36,37",
                        "startColumns": "4,4,4,4,4,4,4,4,4,4,4,4,4,4,4,4",
                        "startOffsets": "2039,2151,2338,2476,2583,2789,2921,3262,3493,3602,3790,3926,4130,4327,4419,4513",
                        "endColumns": "111,186,137,106,205,131,134,230,108,187,135,203,196,91,93,108",
                        "endOffsets": "2146,2333,2471,2578,2784,2916,3051,3488,3597,3785,3921,4125,4322,4414,4508,4617"
                    }
                },
                {
                    "source": "/Users/KAPIL/.gradle/caches/transforms-1/files-1.1/play-services-basement-11.0.4.aar/8d20eaf0785dc42b2ca660ab87eb1c23/res/values-tr/values.xml",
                    "from": {
                        "startLines": "4",
                        "startColumns": "0",
                        "startOffsets": "285",
                        "endColumns": "205",
                        "endOffsets": "490"
                    },
                    "to": {
                        "startLines": "28",
                        "startColumns": "4",
                        "startOffsets": "3056",
                        "endColumns": "205",
                        "endOffsets": "3257"
                    }
                }
            ]
        }
    ]
}