{
    "logs": [
        {
            "outputFile": "/Users/KAPIL/Desktop/TripLogger/app/build/intermediates/incremental/mergeDebugResources/merged.dir/values-fi/values-fi.xml",
            "map": [
                {
                    "source": "/Users/KAPIL/.gradle/caches/transforms-1/files-1.1/appcompat-v7-25.3.1.aar/3b099b4242a6e0bcbd38f380ab71a750/res/values-fi/values-fi.xml",
                    "from": {
                        "startLines": "2,3,4,5,6,7,8,9,10,11,12,13,14,15,16,17,18,19,20,21,22",
                        "startColumns": "4,4,4,4,4,4,4,4,4,4,4,4,4,4,4,4,4,4,4,4,4",
                        "startOffsets": "55,163,271,394,494,595,681,786,904,991,1073,1153,1260,1363,1460,1566,1665,1769,1888,1987,2067",
                        "endColumns": "107,107,122,99,100,85,104,117,86,81,79,106,102,96,105,98,103,118,98,79,100",
                        "endOffsets": "158,266,389,489,590,676,781,899,986,1068,1148,1255,1358,1455,1561,1660,1764,1883,1982,2062,2163"
                    },
                    "to": {
                        "startLines": "2,3,4,5,6,7,8,9,10,11,12,13,14,15,16,17,18,19,20,38,39",
                        "startColumns": "4,4,4,4,4,4,4,4,4,4,4,4,4,4,4,4,4,4,4,4,4",
                        "startOffsets": "105,213,321,444,544,645,731,836,954,1041,1123,1203,1310,1413,1510,1616,1715,1819,1938,4551,4631",
                        "endColumns": "107,107,122,99,100,85,104,117,86,81,79,106,102,96,105,98,103,118,98,79,100",
                        "endOffsets": "208,316,439,539,640,726,831,949,1036,1118,1198,1305,1408,1505,1611,1710,1814,1933,2032,4626,4727"
                    }
                },
                {
                    "source": "/Users/KAPIL/.gradle/caches/transforms-1/files-1.1/play-services-basement-11.0.4.aar/8d20eaf0785dc42b2ca660ab87eb1c23/res/values-fi/values.xml",
                    "from": {
                        "startLines": "4",
                        "startColumns": "0",
                        "startOffsets": "285",
                        "endColumns": "208",
                        "endOffsets": "493"
                    },
                    "to": {
                        "startLines": "28",
                        "startColumns": "4",
                        "startOffsets": "3042",
                        "endColumns": "208",
                        "endOffsets": "3246"
                    }
                },
                {
                    "source": "/Users/KAPIL/.gradle/caches/transforms-1/files-1.1/play-services-base-11.0.4.aar/5692b0b46a2e47e0c41ced148f3d8622/res/values-fi/values.xml",
                    "from": {
                        "startLines": "4,5,6,7,8,9,10,11,12,13,14,15,16,17,18,19",
                        "startColumns": "0,0,0,0,0,0,0,0,0,0,0,0,0,0,0,0",
                        "startOffsets": "283,392,577,706,810,1012,1136,1268,1468,1572,1752,1876,2083,2248,2340,2436",
                        "endColumns": "108,184,128,103,201,123,131,199,103,179,123,206,164,91,95,107",
                        "endOffsets": "391,576,705,809,1011,1135,1267,1467,1571,1751,1875,2082,2247,2339,2435,2543"
                    },
                    "to": {
                        "startLines": "21,22,23,24,25,26,27,29,30,31,32,33,34,35,36,37",
                        "startColumns": "4,4,4,4,4,4,4,4,4,4,4,4,4,4,4,4",
                        "startOffsets": "2037,2150,2335,2468,2576,2778,2906,3251,3451,3559,3739,3867,4074,4243,4339,4439",
                        "endColumns": "112,184,132,107,201,127,135,199,107,179,127,206,168,95,99,111",
                        "endOffsets": "2145,2330,2463,2571,2773,2901,3037,3446,3554,3734,3862,4069,4238,4334,4434,4546"
                    }
                }
            ]
        }
    ]
}