{
    "logs": [
        {
            "outputFile": "/Users/KAPIL/Desktop/TripLogger/app/build/intermediates/incremental/mergeDebugResources/merged.dir/values-kn/values-kn.xml",
            "map": [
                {
                    "source": "/Users/KAPIL/.gradle/caches/transforms-1/files-1.1/play-services-basement-11.0.4.aar/8d20eaf0785dc42b2ca660ab87eb1c23/res/values-kn/values.xml",
                    "from": {
                        "startLines": "4",
                        "startColumns": "0",
                        "startOffsets": "285",
                        "endColumns": "204",
                        "endOffsets": "489"
                    },
                    "to": {
                        "startLines": "9",
                        "startColumns": "4",
                        "startOffsets": "1126",
                        "endColumns": "204",
                        "endOffsets": "1326"
                    }
                },
                {
                    "source": "/Users/KAPIL/.gradle/caches/transforms-1/files-1.1/play-services-base-11.0.4.aar/5692b0b46a2e47e0c41ced148f3d8622/res/values-kn/values.xml",
                    "from": {
                        "startLines": "4,5,6,7,8,9,10,11,12,13,14,15,16,17,18,19",
                        "startColumns": "0,0,0,0,0,0,0,0,0,0,0,0,0,0,0,0",
                        "startOffsets": "283,392,594,725,831,1033,1160,1284,1493,1604,1795,1928,2132,2315,2410,2499",
                        "endColumns": "108,201,130,105,201,126,123,208,110,190,132,203,182,94,88,109",
                        "endOffsets": "391,593,724,830,1032,1159,1283,1492,1603,1794,1927,2131,2314,2409,2498,2608"
                    },
                    "to": {
                        "startLines": "2,3,4,5,6,7,8,10,11,12,13,14,15,16,17,18",
                        "startColumns": "4,4,4,4,4,4,4,4,4,4,4,4,4,4,4,4",
                        "startOffsets": "105,218,420,555,665,867,998,1331,1540,1655,1846,1983,2187,2374,2473,2566",
                        "endColumns": "112,201,134,109,201,130,127,208,114,190,136,203,186,98,92,113",
                        "endOffsets": "213,415,550,660,862,993,1121,1535,1650,1841,1978,2182,2369,2468,2561,2675"
                    }
                }
            ]
        }
    ]
}