{
    "logs": [
        {
            "outputFile": "/Users/KAPIL/Desktop/TripLogger/app/build/intermediates/incremental/mergeDebugResources/merged.dir/values-sl/values-sl.xml",
            "map": [
                {
                    "source": "/Users/KAPIL/.gradle/caches/transforms-1/files-1.1/play-services-base-11.0.4.aar/5692b0b46a2e47e0c41ced148f3d8622/res/values-sl/values.xml",
                    "from": {
                        "startLines": "4,5,6,7,8,9,10,11,12,13,14,15,16,17,18,19",
                        "startColumns": "0,0,0,0,0,0,0,0,0,0,0,0,0,0,0,0",
                        "startOffsets": "283,387,584,711,816,1022,1150,1279,1496,1601,1799,1927,2138,2316,2412,2500",
                        "endColumns": "103,196,126,104,205,127,128,216,104,197,127,210,177,95,87,108",
                        "endOffsets": "386,583,710,815,1021,1149,1278,1495,1600,1798,1926,2137,2315,2411,2499,2608"
                    },
                    "to": {
                        "startLines": "21,22,23,24,25,26,27,29,30,31,32,33,34,35,36,37",
                        "startColumns": "4,4,4,4,4,4,4,4,4,4,4,4,4,4,4,4",
                        "startOffsets": "2075,2183,2380,2511,2620,2826,2958,3290,3507,3616,3814,3946,4157,4339,4439,4531",
                        "endColumns": "107,196,130,108,205,131,132,216,108,197,131,210,181,99,91,112",
                        "endOffsets": "2178,2375,2506,2615,2821,2953,3086,3502,3611,3809,3941,4152,4334,4434,4526,4639"
                    }
                },
                {
                    "source": "/Users/KAPIL/.gradle/caches/transforms-1/files-1.1/appcompat-v7-25.3.1.aar/3b099b4242a6e0bcbd38f380ab71a750/res/values-sl/values-sl.xml",
                    "from": {
                        "startLines": "2,3,4,5,6,7,8,9,10,11,12,13,14,15,16,17,18,19,20,21,22",
                        "startColumns": "4,4,4,4,4,4,4,4,4,4,4,4,4,4,4,4,4,4,4,4,4",
                        "startOffsets": "55,162,270,393,500,608,695,798,917,1002,1086,1170,1278,1387,1487,1600,1707,1811,1928,2025,2108",
                        "endColumns": "106,107,122,106,107,86,102,118,84,83,83,107,108,99,112,106,103,116,96,82,100",
                        "endOffsets": "157,265,388,495,603,690,793,912,997,1081,1165,1273,1382,1482,1595,1702,1806,1923,2020,2103,2204"
                    },
                    "to": {
                        "startLines": "2,3,4,5,6,7,8,9,10,11,12,13,14,15,16,17,18,19,20,38,39",
                        "startColumns": "4,4,4,4,4,4,4,4,4,4,4,4,4,4,4,4,4,4,4,4,4",
                        "startOffsets": "105,212,320,443,550,658,745,848,967,1052,1136,1220,1328,1437,1537,1650,1757,1861,1978,4644,4727",
                        "endColumns": "106,107,122,106,107,86,102,118,84,83,83,107,108,99,112,106,103,116,96,82,100",
                        "endOffsets": "207,315,438,545,653,740,843,962,1047,1131,1215,1323,1432,1532,1645,1752,1856,1973,2070,4722,4823"
                    }
                },
                {
                    "source": "/Users/KAPIL/.gradle/caches/transforms-1/files-1.1/play-services-basement-11.0.4.aar/8d20eaf0785dc42b2ca660ab87eb1c23/res/values-sl/values.xml",
                    "from": {
                        "startLines": "4",
                        "startColumns": "0",
                        "startOffsets": "285",
                        "endColumns": "198",
                        "endOffsets": "483"
                    },
                    "to": {
                        "startLines": "28",
                        "startColumns": "4",
                        "startOffsets": "3091",
                        "endColumns": "198",
                        "endOffsets": "3285"
                    }
                }
            ]
        }
    ]
}