{
    "logs": [
        {
            "outputFile": "/Users/KAPIL/Desktop/TripLogger/app/build/intermediates/incremental/mergeDebugResources/merged.dir/values-uk/values-uk.xml",
            "map": [
                {
                    "source": "/Users/KAPIL/.gradle/caches/transforms-1/files-1.1/appcompat-v7-25.3.1.aar/3b099b4242a6e0bcbd38f380ab71a750/res/values-uk/values-uk.xml",
                    "from": {
                        "startLines": "2,3,4,5,6,7,8,9,10,11,12,13,14,15,16,17,18,19,20,21,22",
                        "startColumns": "4,4,4,4,4,4,4,4,4,4,4,4,4,4,4,4,4,4,4,4,4",
                        "startOffsets": "55,165,273,396,498,604,690,798,916,995,1075,1156,1262,1369,1467,1575,1681,1790,1914,2014,2095",
                        "endColumns": "109,107,122,101,105,85,107,117,78,79,80,105,106,97,107,105,108,123,99,80,100",
                        "endOffsets": "160,268,391,493,599,685,793,911,990,1070,1151,1257,1364,1462,1570,1676,1785,1909,2009,2090,2191"
                    },
                    "to": {
                        "startLines": "2,3,4,5,6,7,8,9,10,11,12,13,14,15,16,17,18,19,20,38,39",
                        "startColumns": "4,4,4,4,4,4,4,4,4,4,4,4,4,4,4,4,4,4,4,4,4",
                        "startOffsets": "105,215,323,446,548,654,740,848,966,1045,1125,1206,1312,1419,1517,1625,1731,1840,1964,4634,4715",
                        "endColumns": "109,107,122,101,105,85,107,117,78,79,80,105,106,97,107,105,108,123,99,80,100",
                        "endOffsets": "210,318,441,543,649,735,843,961,1040,1120,1201,1307,1414,1512,1620,1726,1835,1959,2059,4710,4811"
                    }
                },
                {
                    "source": "/Users/KAPIL/.gradle/caches/transforms-1/files-1.1/play-services-base-11.0.4.aar/5692b0b46a2e47e0c41ced148f3d8622/res/values-uk/values.xml",
                    "from": {
                        "startLines": "4,5,6,7,8,9,10,11,12,13,14,15,16,17,18,19",
                        "startColumns": "0,0,0,0,0,0,0,0,0,0,0,0,0,0,0,0",
                        "startOffsets": "283,389,584,709,817,1030,1157,1287,1514,1618,1811,1934,2140,2308,2404,2491",
                        "endColumns": "105,194,124,107,212,126,129,226,103,192,122,205,167,95,86,112",
                        "endOffsets": "388,583,708,816,1029,1156,1286,1513,1617,1810,1933,2139,2307,2403,2490,2603"
                    },
                    "to": {
                        "startLines": "21,22,23,24,25,26,27,29,30,31,32,33,34,35,36,37",
                        "startColumns": "4,4,4,4,4,4,4,4,4,4,4,4,4,4,4,4",
                        "startOffsets": "2064,2174,2369,2498,2610,2823,2954,3293,3520,3628,3821,3948,4154,4326,4426,4517",
                        "endColumns": "109,194,128,111,212,130,133,226,107,192,126,205,171,99,90,116",
                        "endOffsets": "2169,2364,2493,2605,2818,2949,3083,3515,3623,3816,3943,4149,4321,4421,4512,4629"
                    }
                },
                {
                    "source": "/Users/KAPIL/.gradle/caches/transforms-1/files-1.1/play-services-basement-11.0.4.aar/8d20eaf0785dc42b2ca660ab87eb1c23/res/values-uk/values.xml",
                    "from": {
                        "startLines": "4",
                        "startColumns": "0",
                        "startOffsets": "285",
                        "endColumns": "204",
                        "endOffsets": "489"
                    },
                    "to": {
                        "startLines": "28",
                        "startColumns": "4",
                        "startOffsets": "3088",
                        "endColumns": "204",
                        "endOffsets": "3288"
                    }
                }
            ]
        }
    ]
}