{
    "logs": [
        {
            "outputFile": "/Users/KAPIL/Desktop/TripLogger/app/build/intermediates/incremental/mergeDebugResources/merged.dir/values-si-rLK/values-si-rLK.xml",
            "map": [
                {
                    "source": "/Users/KAPIL/.gradle/caches/transforms-1/files-1.1/appcompat-v7-25.3.1.aar/3b099b4242a6e0bcbd38f380ab71a750/res/values-si-rLK/values-si-rLK.xml",
                    "from": {
                        "startLines": "2,3,4,5,6,7,8,9,10,11,12,13,14,15,16,17,18,19,20,21,22",
                        "startColumns": "4,4,4,4,4,4,4,4,4,4,4,4,4,4,4,4,4,4,4,4,4",
                        "startOffsets": "55,165,273,396,503,610,698,803,919,1008,1095,1179,1288,1393,1491,1601,1700,1806,1927,2026,2108",
                        "endColumns": "109,107,122,106,106,87,104,115,88,86,83,108,104,97,109,98,105,120,98,81,100",
                        "endOffsets": "160,268,391,498,605,693,798,914,1003,1090,1174,1283,1388,1486,1596,1695,1801,1922,2021,2103,2204"
                    }
                }
            ]
        }
    ]
}