{
    "logs": [
        {
            "outputFile": "/Users/KAPIL/Desktop/TripLogger/app/build/intermediates/incremental/mergeDebugResources/merged.dir/values-mk/values-mk.xml",
            "map": [
                {
                    "source": "/Users/KAPIL/.gradle/caches/transforms-1/files-1.1/play-services-basement-11.0.4.aar/8d20eaf0785dc42b2ca660ab87eb1c23/res/values-mk/values.xml",
                    "from": {
                        "startLines": "4",
                        "startColumns": "0",
                        "startOffsets": "285",
                        "endColumns": "195",
                        "endOffsets": "480"
                    },
                    "to": {
                        "startLines": "9",
                        "startColumns": "4",
                        "startOffsets": "1132",
                        "endColumns": "195",
                        "endOffsets": "1323"
                    }
                },
                {
                    "source": "/Users/KAPIL/.gradle/caches/transforms-1/files-1.1/play-services-base-11.0.4.aar/5692b0b46a2e47e0c41ced148f3d8622/res/values-mk/values.xml",
                    "from": {
                        "startLines": "4,5,6,7,8,9,10,11,12,13,14,15,16,17,18,19",
                        "startColumns": "0,0,0,0,0,0,0,0,0,0,0,0,0,0,0,0",
                        "startOffsets": "283,388,581,712,820,1024,1155,1290,1506,1611,1808,1939,2151,2336,2431,2521",
                        "endColumns": "104,192,130,107,203,130,134,215,104,196,130,211,184,94,89,103",
                        "endOffsets": "387,580,711,819,1023,1154,1289,1505,1610,1807,1938,2150,2335,2430,2520,2624"
                    },
                    "to": {
                        "startLines": "2,3,4,5,6,7,8,10,11,12,13,14,15,16,17,18",
                        "startColumns": "4,4,4,4,4,4,4,4,4,4,4,4,4,4,4,4",
                        "startOffsets": "105,214,407,542,654,858,993,1328,1544,1653,1850,1985,2197,2386,2485,2579",
                        "endColumns": "108,192,134,111,203,134,138,215,108,196,134,211,188,98,93,107",
                        "endOffsets": "209,402,537,649,853,988,1127,1539,1648,1845,1980,2192,2381,2480,2574,2682"
                    }
                }
            ]
        }
    ]
}