{
    "logs": [
        {
            "outputFile": "/Users/KAPIL/Desktop/TripLogger/app/build/intermediates/incremental/mergeDebugResources/merged.dir/values-el/values-el.xml",
            "map": [
                {
                    "source": "/Users/KAPIL/.gradle/caches/transforms-1/files-1.1/play-services-basement-11.0.4.aar/8d20eaf0785dc42b2ca660ab87eb1c23/res/values-el/values.xml",
                    "from": {
                        "startLines": "4",
                        "startColumns": "0",
                        "startOffsets": "285",
                        "endColumns": "222",
                        "endOffsets": "507"
                    },
                    "to": {
                        "startLines": "28",
                        "startColumns": "4",
                        "startOffsets": "3210",
                        "endColumns": "222",
                        "endOffsets": "3428"
                    }
                },
                {
                    "source": "/Users/KAPIL/.gradle/caches/transforms-1/files-1.1/appcompat-v7-25.3.1.aar/3b099b4242a6e0bcbd38f380ab71a750/res/values-el/values-el.xml",
                    "from": {
                        "startLines": "2,3,4,5,6,7,8,9,10,11,12,13,14,15,16,17,18,19,20,21,22",
                        "startColumns": "4,4,4,4,4,4,4,4,4,4,4,4,4,4,4,4,4,4,4,4,4",
                        "startOffsets": "55,173,281,404,515,632,717,822,948,1036,1122,1207,1318,1428,1530,1641,1750,1858,1981,2081,2166",
                        "endColumns": "117,107,122,110,116,84,104,125,87,85,84,110,109,101,110,108,107,122,99,84,100",
                        "endOffsets": "168,276,399,510,627,712,817,943,1031,1117,1202,1313,1423,1525,1636,1745,1853,1976,2076,2161,2262"
                    },
                    "to": {
                        "startLines": "2,3,4,5,6,7,8,9,10,11,12,13,14,15,16,17,18,19,20,38,39",
                        "startColumns": "4,4,4,4,4,4,4,4,4,4,4,4,4,4,4,4,4,4,4,4,4",
                        "startOffsets": "105,223,331,454,565,682,767,872,998,1086,1172,1257,1368,1478,1580,1691,1800,1908,2031,4838,4923",
                        "endColumns": "117,107,122,110,116,84,104,125,87,85,84,110,109,101,110,108,107,122,99,84,100",
                        "endOffsets": "218,326,449,560,677,762,867,993,1081,1167,1252,1363,1473,1575,1686,1795,1903,2026,2126,4918,5019"
                    }
                },
                {
                    "source": "/Users/KAPIL/.gradle/caches/transforms-1/files-1.1/play-services-base-11.0.4.aar/5692b0b46a2e47e0c41ced148f3d8622/res/values-el/values.xml",
                    "from": {
                        "startLines": "4,5,6,7,8,9,10,11,12,13,14,15,16,17,18,19",
                        "startColumns": "0,0,0,0,0,0,0,0,0,0,0,0,0,0,0,0",
                        "startOffsets": "283,392,610,740,849,1089,1212,1342,1590,1696,1897,2024,2261,2432,2527,2615",
                        "endColumns": "108,217,129,108,239,122,129,247,105,200,126,236,170,94,87,107",
                        "endOffsets": "391,609,739,848,1088,1211,1341,1589,1695,1896,2023,2260,2431,2526,2614,2722"
                    },
                    "to": {
                        "startLines": "21,22,23,24,25,26,27,29,30,31,32,33,34,35,36,37",
                        "startColumns": "4,4,4,4,4,4,4,4,4,4,4,4,4,4,4,4",
                        "startOffsets": "2131,2244,2462,2596,2709,2949,3076,3433,3681,3791,3992,4123,4360,4535,4634,4726",
                        "endColumns": "112,217,133,112,239,126,133,247,109,200,130,236,174,98,91,111",
                        "endOffsets": "2239,2457,2591,2704,2944,3071,3205,3676,3786,3987,4118,4355,4530,4629,4721,4833"
                    }
                }
            ]
        }
    ]
}