{
    "logs": [
        {
            "outputFile": "/Users/KAPIL/Desktop/TripLogger/app/build/intermediates/incremental/mergeDebugResources/merged.dir/values-es-rUS/values-es-rUS.xml",
            "map": [
                {
                    "source": "/Users/KAPIL/.gradle/caches/transforms-1/files-1.1/play-services-basement-11.0.4.aar/8d20eaf0785dc42b2ca660ab87eb1c23/res/values-es-rUS/values.xml",
                    "from": {
                        "startLines": "4",
                        "startColumns": "0",
                        "startOffsets": "289",
                        "endColumns": "204",
                        "endOffsets": "493"
                    },
                    "to": {
                        "startLines": "28",
                        "startColumns": "4",
                        "startOffsets": "3140",
                        "endColumns": "204",
                        "endOffsets": "3340"
                    }
                },
                {
                    "source": "/Users/KAPIL/.gradle/caches/transforms-1/files-1.1/appcompat-v7-25.3.1.aar/3b099b4242a6e0bcbd38f380ab71a750/res/values-es-rUS/values-es-rUS.xml",
                    "from": {
                        "startLines": "2,3,4,5,6,7,8,9,10,11,12,13,14,15,16,17,18,19,20,21,22",
                        "startColumns": "4,4,4,4,4,4,4,4,4,4,4,4,4,4,4,4,4,4,4,4,4",
                        "startOffsets": "55,175,283,406,515,623,708,809,932,1017,1099,1181,1293,1405,1506,1614,1721,1828,1950,2050,2132",
                        "endColumns": "119,107,122,108,107,84,100,122,84,81,81,111,111,100,107,106,106,121,99,81,100",
                        "endOffsets": "170,278,401,510,618,703,804,927,1012,1094,1176,1288,1400,1501,1609,1716,1823,1945,2045,2127,2228"
                    },
                    "to": {
                        "startLines": "2,3,4,5,6,7,8,9,10,11,12,13,14,15,16,17,18,19,20,38,39",
                        "startColumns": "4,4,4,4,4,4,4,4,4,4,4,4,4,4,4,4,4,4,4,4,4",
                        "startOffsets": "105,225,333,456,565,673,758,859,982,1067,1149,1231,1343,1455,1556,1664,1771,1878,2000,4765,4847",
                        "endColumns": "119,107,122,108,107,84,100,122,84,81,81,111,111,100,107,106,106,121,99,81,100",
                        "endOffsets": "220,328,451,560,668,753,854,977,1062,1144,1226,1338,1450,1551,1659,1766,1873,1995,2095,4842,4943"
                    }
                },
                {
                    "source": "/Users/KAPIL/.gradle/caches/transforms-1/files-1.1/play-services-base-11.0.4.aar/5692b0b46a2e47e0c41ced148f3d8622/res/values-es-rUS/values.xml",
                    "from": {
                        "startLines": "4,5,6,7,8,9,10,11,12,13,14,15,16,17,18,19",
                        "startColumns": "0,0,0,0,0,0,0,0,0,0,0,0,0,0,0,0",
                        "startOffsets": "287,393,591,721,827,1047,1176,1307,1537,1644,1845,1976,2212,2416,2512,2600",
                        "endColumns": "105,197,129,105,219,128,130,229,106,200,130,235,203,95,87,102",
                        "endOffsets": "392,590,720,826,1046,1175,1306,1536,1643,1844,1975,2211,2415,2511,2599,2702"
                    },
                    "to": {
                        "startLines": "21,22,23,24,25,26,27,29,30,31,32,33,34,35,36,37",
                        "startColumns": "4,4,4,4,4,4,4,4,4,4,4,4,4,4,4,4",
                        "startOffsets": "2100,2210,2408,2542,2652,2872,3005,3345,3575,3686,3887,4022,4258,4466,4566,4658",
                        "endColumns": "109,197,133,109,219,132,134,229,110,200,134,235,207,99,91,106",
                        "endOffsets": "2205,2403,2537,2647,2867,3000,3135,3570,3681,3882,4017,4253,4461,4561,4653,4760"
                    }
                }
            ]
        }
    ]
}