{
    "logs": [
        {
            "outputFile": "/Users/KAPIL/Desktop/TripLogger/app/build/intermediates/incremental/mergeDebugResources/merged.dir/values-fa/values-fa.xml",
            "map": [
                {
                    "source": "/Users/KAPIL/.gradle/caches/transforms-1/files-1.1/appcompat-v7-25.3.1.aar/3b099b4242a6e0bcbd38f380ab71a750/res/values-fa/values-fa.xml",
                    "from": {
                        "startLines": "2,3,4,5,6,7,8,9,10,11,12,13,14,15,16,17,18,19,20,21,22",
                        "startColumns": "4,4,4,4,4,4,4,4,4,4,4,4,4,4,4,4,4,4,4,4,4",
                        "startOffsets": "55,165,275,401,504,615,699,802,917,996,1074,1155,1267,1370,1468,1578,1681,1790,1915,2016,2097",
                        "endColumns": "109,109,125,102,110,83,102,114,78,77,80,111,102,97,109,102,108,124,100,80,100",
                        "endOffsets": "160,270,396,499,610,694,797,912,991,1069,1150,1262,1365,1463,1573,1676,1785,1910,2011,2092,2193"
                    },
                    "to": {
                        "startLines": "2,3,4,5,6,7,8,9,10,11,12,13,14,15,16,17,18,19,20,38,39",
                        "startColumns": "4,4,4,4,4,4,4,4,4,4,4,4,4,4,4,4,4,4,4,4,4",
                        "startOffsets": "105,215,325,451,554,665,749,852,967,1046,1124,1205,1317,1420,1518,1628,1731,1840,1965,4651,4732",
                        "endColumns": "109,109,125,102,110,83,102,114,78,77,80,111,102,97,109,102,108,124,100,80,100",
                        "endOffsets": "210,320,446,549,660,744,847,962,1041,1119,1200,1312,1415,1513,1623,1726,1835,1960,2061,4727,4828"
                    }
                },
                {
                    "source": "/Users/KAPIL/.gradle/caches/transforms-1/files-1.1/play-services-basement-11.0.4.aar/8d20eaf0785dc42b2ca660ab87eb1c23/res/values-fa/values.xml",
                    "from": {
                        "startLines": "4",
                        "startColumns": "0",
                        "startOffsets": "285",
                        "endColumns": "213",
                        "endOffsets": "498"
                    },
                    "to": {
                        "startLines": "28",
                        "startColumns": "4",
                        "startOffsets": "3065",
                        "endColumns": "213",
                        "endOffsets": "3274"
                    }
                },
                {
                    "source": "/Users/KAPIL/.gradle/caches/transforms-1/files-1.1/play-services-base-11.0.4.aar/5692b0b46a2e47e0c41ced148f3d8622/res/values-fa/values.xml",
                    "from": {
                        "startLines": "4,5,6,7,8,9,10,11,12,13,14,15,16,17,18,19",
                        "startColumns": "0,0,0,0,0,0,0,0,0,0,0,0,0,0,0,0",
                        "startOffsets": "283,389,580,709,810,1009,1135,1262,1474,1582,1785,1916,2130,2314,2406,2500",
                        "endColumns": "105,190,128,100,198,125,126,211,107,202,130,213,183,91,93,109",
                        "endOffsets": "388,579,708,809,1008,1134,1261,1473,1581,1784,1915,2129,2313,2405,2499,2609"
                    },
                    "to": {
                        "startLines": "21,22,23,24,25,26,27,29,30,31,32,33,34,35,36,37",
                        "startColumns": "4,4,4,4,4,4,4,4,4,4,4,4,4,4,4,4",
                        "startOffsets": "2066,2176,2367,2500,2605,2804,2934,3279,3491,3603,3806,3941,4155,4343,4439,4537",
                        "endColumns": "109,190,132,104,198,129,130,211,111,202,134,213,187,95,97,113",
                        "endOffsets": "2171,2362,2495,2600,2799,2929,3060,3486,3598,3801,3936,4150,4338,4434,4532,4646"
                    }
                }
            ]
        }
    ]
}