{
    "logs": [
        {
            "outputFile": "/Users/KAPIL/Desktop/TripLogger/app/build/intermediates/incremental/mergeDebugResources/merged.dir/values-zh-rHK/values-zh-rHK.xml",
            "map": [
                {
                    "source": "/Users/KAPIL/.gradle/caches/transforms-1/files-1.1/play-services-basement-11.0.4.aar/8d20eaf0785dc42b2ca660ab87eb1c23/res/values-zh-rHK/values.xml",
                    "from": {
                        "startLines": "4",
                        "startColumns": "0",
                        "startOffsets": "289",
                        "endColumns": "166",
                        "endOffsets": "455"
                    },
                    "to": {
                        "startLines": "28",
                        "startColumns": "4",
                        "startOffsets": "2814",
                        "endColumns": "166",
                        "endOffsets": "2976"
                    }
                },
                {
                    "source": "/Users/KAPIL/.gradle/caches/transforms-1/files-1.1/appcompat-v7-25.3.1.aar/3b099b4242a6e0bcbd38f380ab71a750/res/values-zh-rHK/values-zh-rHK.xml",
                    "from": {
                        "startLines": "2,3,4,5,6,7,8,9,10,11,12,13,14,15,16,17,18,19,20,21,22",
                        "startColumns": "4,4,4,4,4,4,4,4,4,4,4,4,4,4,4,4,4,4,4,4,4",
                        "startOffsets": "55,150,257,380,473,573,655,752,860,936,1012,1090,1186,1282,1377,1474,1569,1667,1780,1874,1952",
                        "endColumns": "94,106,122,92,99,81,96,107,75,75,77,95,95,94,96,94,97,112,93,77,101",
                        "endOffsets": "145,252,375,468,568,650,747,855,931,1007,1085,1181,1277,1372,1469,1564,1662,1775,1869,1947,2049"
                    },
                    "to": {
                        "startLines": "2,3,4,5,6,7,8,9,10,11,12,13,14,15,16,17,18,19,20,38,39",
                        "startColumns": "4,4,4,4,4,4,4,4,4,4,4,4,4,4,4,4,4,4,4,4,4",
                        "startOffsets": "105,200,307,430,523,623,705,802,910,986,1062,1140,1236,1332,1427,1524,1619,1717,1830,4107,4185",
                        "endColumns": "94,106,122,92,99,81,96,107,75,75,77,95,95,94,96,94,97,112,93,77,101",
                        "endOffsets": "195,302,425,518,618,700,797,905,981,1057,1135,1231,1327,1422,1519,1614,1712,1825,1919,4180,4282"
                    }
                },
                {
                    "source": "/Users/KAPIL/.gradle/caches/transforms-1/files-1.1/play-services-base-11.0.4.aar/5692b0b46a2e47e0c41ced148f3d8622/res/values-zh-rHK/values.xml",
                    "from": {
                        "startLines": "4,5,6,7,8,9,10,11,12,13,14,15,16,17,18,19",
                        "startColumns": "0,0,0,0,0,0,0,0,0,0,0,0,0,0,0,0",
                        "startOffsets": "287,386,546,659,759,925,1039,1157,1326,1425,1585,1698,1864,1998,2079,2162",
                        "endColumns": "98,159,112,99,165,113,117,168,98,159,112,165,133,80,82,96",
                        "endOffsets": "385,545,658,758,924,1038,1156,1325,1424,1584,1697,1863,1997,2078,2161,2258"
                    },
                    "to": {
                        "startLines": "21,22,23,24,25,26,27,29,30,31,32,33,34,35,36,37",
                        "startColumns": "4,4,4,4,4,4,4,4,4,4,4,4,4,4,4,4",
                        "startOffsets": "1924,2027,2187,2304,2408,2574,2692,2981,3150,3253,3413,3530,3696,3834,3919,4006",
                        "endColumns": "102,159,116,103,165,117,121,168,102,159,116,165,137,84,86,100",
                        "endOffsets": "2022,2182,2299,2403,2569,2687,2809,3145,3248,3408,3525,3691,3829,3914,4001,4102"
                    }
                }
            ]
        }
    ]
}