{
    "logs": [
        {
            "outputFile": "/Users/KAPIL/Desktop/TripLogger/app/build/intermediates/incremental/mergeDebugResources/merged.dir/values-hy-rAM/values-hy-rAM.xml",
            "map": [
                {
                    "source": "/Users/KAPIL/.gradle/caches/transforms-1/files-1.1/appcompat-v7-25.3.1.aar/3b099b4242a6e0bcbd38f380ab71a750/res/values-hy-rAM/values-hy-rAM.xml",
                    "from": {
                        "startLines": "2,3,4,5,6,7,8,9,10,11,12,13,14,15,16,17,18,19,20,21,22",
                        "startColumns": "4,4,4,4,4,4,4,4,4,4,4,4,4,4,4,4,4,4,4,4,4",
                        "startOffsets": "55,158,266,389,490,600,689,795,910,992,1073,1158,1265,1372,1471,1581,1688,1788,1913,2012,2094",
                        "endColumns": "102,107,122,100,109,88,105,114,81,80,84,106,106,98,109,106,99,124,98,81,100",
                        "endOffsets": "153,261,384,485,595,684,790,905,987,1068,1153,1260,1367,1466,1576,1683,1783,1908,2007,2089,2190"
                    }
                }
            ]
        }
    ]
}