{
    "logs": [
        {
            "outputFile": "/Users/KAPIL/Desktop/TripLogger/app/build/intermediates/incremental/mergeDebugResources/merged.dir/values-ta/values-ta.xml",
            "map": [
                {
                    "source": "/Users/KAPIL/.gradle/caches/transforms-1/files-1.1/play-services-base-11.0.4.aar/5692b0b46a2e47e0c41ced148f3d8622/res/values-ta/values.xml",
                    "from": {
                        "startLines": "4,5,6,7,8,9,10,11,12,13,14,15,16,17,18,19",
                        "startColumns": "0,0,0,0,0,0,0,0,0,0,0,0,0,0,0,0",
                        "startOffsets": "283,386,570,695,799,1010,1136,1262,1504,1609,1793,1926,2139,2321,2409,2498",
                        "endColumns": "102,183,124,103,210,125,125,241,104,183,132,212,181,87,88,105",
                        "endOffsets": "385,569,694,798,1009,1135,1261,1503,1608,1792,1925,2138,2320,2408,2497,2603"
                    },
                    "to": {
                        "startLines": "2,3,4,5,6,7,8,10,11,12,13,14,15,16,17,18",
                        "startColumns": "4,4,4,4,4,4,4,4,4,4,4,4,4,4,4,4",
                        "startOffsets": "105,212,396,525,633,844,974,1329,1571,1680,1864,2001,2214,2400,2492,2585",
                        "endColumns": "106,183,128,107,210,129,129,241,108,183,136,212,185,91,92,109",
                        "endOffsets": "207,391,520,628,839,969,1099,1566,1675,1859,1996,2209,2395,2487,2580,2690"
                    }
                },
                {
                    "source": "/Users/KAPIL/.gradle/caches/transforms-1/files-1.1/play-services-basement-11.0.4.aar/8d20eaf0785dc42b2ca660ab87eb1c23/res/values-ta/values.xml",
                    "from": {
                        "startLines": "4",
                        "startColumns": "0",
                        "startOffsets": "285",
                        "endColumns": "224",
                        "endOffsets": "509"
                    },
                    "to": {
                        "startLines": "9",
                        "startColumns": "4",
                        "startOffsets": "1104",
                        "endColumns": "224",
                        "endOffsets": "1324"
                    }
                }
            ]
        }
    ]
}